INSERT INTO `admin_info`
(`admin_id`, `admin_user_name`, `admin_password`, `admin_email`, `admin_first_name`, `admin_middle_name`, `admin_last_name`, `admin_telephone`, `admin_is_root`, `admin_account_status`)
VALUES
(1, LCASE('root'), SHA1('root_pwd'), LCASE('root@emarket.com'), 'Edward', NULL, 'Snowden', '5594452854', TRUE, TRUE),
(2, LCASE('Stuxnet'), SHA1('stuxnet_pwd'), LCASE('stuxnet@emarket.com'), 'Adolf', NULL, 'Hitler', '8322393739', FALSE, TRUE),
(3, LCASE('Zeus'), SHA1('zeus_pwd'), LCASE('zeus@emarket.com'), 'Genghis', NULL, 'Khan', '4352325582', FALSE, TRUE),
(4, LCASE('PoisonIvy'), SHA1('poisonivy_pwd'), LCASE('poisonivy@emarket.com'), 'Judas', NULL, 'Iscariot', '4844507730', FALSE, TRUE),
(5, LCASE('Fizzer'), SHA1('fizzer_pwd'), LCASE('fizzer@emarket.com'), 'Osama', 'Bin', 'Laden', '4177361304', FALSE, TRUE),
(6, LCASE('Slammer'), SHA1('slammer_pwd'), LCASE('slammer@emarket.com'), 'Saddam', NULL, 'Hussein', '7087501060', FALSE, TRUE),
(7, LCASE('AirCop'), SHA1('aircop_pwd'), LCASE('aircop@emarket.com'), 'Jack', 'The', 'Ripper', '5306620877', FALSE, TRUE),
(8, LCASE('ZMist'), SHA1('zmist_pwd'), LCASE('zmist@emarket.com'), 'Vlad', 'The', 'Impaler', '4052966808', FALSE, TRUE),
(9, LCASE('Actifed'), SHA1('actified_pwd'), LCASE('actified@emarket.com'), 'Lee', 'Harvey', 'Oswald', '5419158963', FALSE, TRUE),
(10, LCASE('Acid'), SHA1('acid_pwd'), LCASE('acid@emarket.com'), 'Joseph', NULL, 'Stalin', '5093553985', FALSE, TRUE),
(11, LCASE('Zotob'), SHA1('zotob_pwd'), LCASE('zotob@emarket.com'), 'Reinhard', NULL, 'Heydrich', '3106376651', FALSE, TRUE),
(12, LCASE('Badtrans'), SHA1('badtrans_pwd'), LCASE('badtrans@emarket.com'), 'Heinrich', NULL, 'Himmler', '6095778316', FALSE, TRUE),
(13, LCASE('Doomjuice'), SHA1('doomjuice_pwd'), LCASE('doomjuice@emarket.com'), 'Kim', NULL, 'Sung', '6097124122', FALSE, TRUE),
(14, LCASE('NGRBot'), SHA1('ngrbot_pwd'), LCASE('ngrbot@emarket.com'), 'Tomas', 'De', 'Torquemada', '8433657089', FALSE, TRUE),
(15, LCASE('SpyEye'), SHA1('spyeye_pwd'), LCASE('spyeye@emarket.com'), 'Ayatollah', 'Ruhollah', 'Khomeini', '3103222475', FALSE, TRUE);

INSERT INTO `user_info`
(`user_id`, `user_first_name`, `user_middle_name`, `user_last_name`, `user_telephone`, `user_creation_date`)
VALUES
(1, 'Juan', 'Del', 'Barrio', '1112223333', CURRENT_TIMESTAMP),
(2, 'Jose', NULL, 'Robles', '3334445555', CURRENT_TIMESTAMP),
(3, 'Chencho', 'Mario', 'Roldan', '9876541234', CURRENT_TIMESTAMP),
(4, 'Luis', 'Jaime', 'Perez', '5674832910', CURRENT_TIMESTAMP),
(5, 'Omar', NULL, 'Soto', '1029384756', CURRENT_TIMESTAMP),
(6, 'Jorge', NULL, 'Pecas', '9087654321', CURRENT_TIMESTAMP),
(7, 'Wilson', NULL, 'Gallego', '1234567890', CURRENT_TIMESTAMP),
(8, 'Pedro', NULL, 'Picapiedras', '1237896543', CURRENT_TIMESTAMP),
(9, 'Aurelia', NULL, 'Montana', '5647839201', CURRENT_TIMESTAMP),
(10, 'Lola', 'De', 'Tio', '6758039412', CURRENT_TIMESTAMP),
(11, 'Barack', 'Hussein', 'Obama', '6666666666', CURRENT_TIMESTAMP),
(12, 'John', NULL, 'Smith', '1114442837', CURRENT_TIMESTAMP),
(13, 'Rolandito', 'Salas', 'Jusino', '5555555555', CURRENT_TIMESTAMP),
(14, 'Roberto', NULL, 'Clemente', '2228885555', CURRENT_TIMESTAMP),
(15, 'Tito', NULL, 'Kayak', '9988775555', CURRENT_TIMESTAMP);

INSERT INTO `user_login_info`
(`user_login_id`, `user_login_user_name`, `user_login_password`, `user_login_email`)
VALUES
(1, LCASE('juanba'), SHA1('juanba_pwd'), LCASE('juanba@emarket.com')),
(2, LCASE('josero'), SHA1('josero_pwd'), LCASE('josero@emarket.com')),
(3, LCASE('chenchoma'), SHA1('chenchoma_pwd'), LCASE('chenchoma@emarket.com')),
(4, LCASE('luisja'), SHA1('luisja_pwd'), LCASE('luisja@emarket.com')),
(5, LCASE('omarso'), SHA1('omarso_pwd'), LCASE('omarso@emarket.com')),
(6, LCASE('jorgepe'), SHA1('jorgepe_pwd'), LCASE('jorgepe@emarket.com')),
(7, LCASE('wilsonga'), SHA1('wilsonga_pwd'), LCASE('wilsonga@emarket.com')),
(8, LCASE('pedropi'), SHA1('pedropi_pwd'), LCASE('pedropi@emarket.com')),
(9, LCASE('aureliamo'), SHA1('aureliamo_pwd'), LCASE('aureliamo@emarket.com')),
(10, LCASE('lolati'), SHA1('lolati_pwd'), LCASE('lolati@emarket.com')),
(11, LCASE('barackob'), SHA1('barackob_pwd'), LCASE('barackob@emarket.com')),
(12, LCASE('johnsm'), SHA1('johnsm_pwd'), LCASE('johnsm@emarket.com')),
(13, LCASE('rolanditoju'), SHA1('rolanditoju_pwd'), LCASE('rolanditoju@emarket.com')),
(14, LCASE('robertocle'), SHA1('robertocle_pwd'), LCASE('robertocle@emarket.com')),
(15, LCASE('titoka'), SHA1('titoka_pwd'), LCASE('titoka@emarket.com'));

INSERT INTO `user_account_status`
(`user_account_id`, `user_account_status`)
VALUES
(1, TRUE),
(2, TRUE),
(3, TRUE),
(4, TRUE),
(5, TRUE),
(6, TRUE),
(7, TRUE),
(8, TRUE),
(9, TRUE),
(10, TRUE),
(11, TRUE),
(12, TRUE),
(13, TRUE),
(14, TRUE),
(15, TRUE);

INSERT INTO `address_history`
(`address_address`,`address_country`,`address_city`,`address_geographical_region`,`address_zipcode`)
VALUES
('P.O. Box 812, 3891 Lobortis Rd.','United States','Rockford','IL','40375'),
('608-8329 Risus. Ave','United States','Hilo','HI','37530'),
('Ap #472-3764 Est, Avenue','United States','Kailua','HI','13027'),
('P.O. Box 335, 9242 Parturient Road','United States','Davenport','IA','88170'),
('Ap #768-6367 Sed Rd.','United States','Madison','WI','50546'),
('Ap #875-6261 Ac Av.','United States','Naperville','IL','51955'),
('Ap #604-4800 Tortor, Road','United States','Billings','MT','97160'),
('Ap #193-2898 Pede, Ave','United States','Broken Arrow','OK','15123'),
('255-9648 Tempus, Road','United States','Chattanooga','TN','60871'),
('P.O. Box 453, 5173 Dolor Rd.','United States','Wichita','KS','93293'),
('Ap #580-8649 Ac Rd.','United States','Columbus','OH','49296'),
('726-390 Cras Avenue','United States','Lewiston','ME','66177'),
('P.O. Box 156, 4169 Feugiat St.','United States','Sandy','UT','84176'),
('3810 Nec Ave','United States','Saint Louis','MO','75307'),
('779-3974 Donec Ave','United States','Bellevue','NE','39855'),
('9276 Nunc. Road','United States','Rutland','VT','85713'),
('4128 Nisi Avenue','United States','Milwaukee','WI','61793'),
('Ap #632-3384 Ridiculus Rd.','United States','Billings','MT','51077'),
('316-7456 Aliquam, Rd.','United States','Fairbanks','AK','99727'),
('Ap #218-7412 Non Road','United States','West Valley City','UT','79480'),
('P.O. Box 792, 7033 Nulla Avenue','United States','Jonesboro','AR','71617'),
('534-6161 Ut, Av.','United States','Omaha','NE','66219'),
('904-1681 Rutrum St.','United States','Saint Louis','MO','35855'),
('P.O. Box 890, 4687 Ante Ave','United States','Gresham','OR','83274'),
('688 Sit Street','United States','Detroit','MI','76315'),
('P.O. Box 547, 9998 Non Road','United States','Naperville','IL','81118'),
('P.O. Box 296, 6895 Fermentum Avenue','United States','Denver','CO','51223'),
('Ap #261-4860 Lacus. Avenue','United States','West Jordan','UT','75292'),
('270-9203 Pede. St.','United States','New Orleans','LA','68878'),
('P.O. Box 615, 1903 Sollicitudin Av.','United States','Cambridge','MA','49095'),
('7596 Vitae Rd.','United States','Kearney','NE','30762'),
('P.O. Box 759, 473 Adipiscing, Street','United States','Olathe','KS','26021'),
('P.O. Box 965, 5913 In Rd.','United States','Portland','OR','55943'),
('P.O. Box 870, 7419 At Rd.','United States','Lafayette','LA','72771'),
('P.O. Box 282, 5033 In Road','United States','Independence','MO','14385'),
('353-6854 Nullam Road','United States','Flint','MI','55763'),
('P.O. Box 234, 9842 Lectus, Av.','United States','Boston','MA','30306'),
('2273 Nam Rd.','United States','Rochester','MN','50218'),
('749-3222 Aliquam Rd.','United States','Lexington','KY','82197'),
('6720 Ullamcorper St.','United States','Wilmington','DE','83281'),
('181-5720 Eu Road','United States','Colorado Springs','CO','58529'),
('P.O. Box 899, 530 Condimentum. St.','United States','Boise','ID','89429'),
('P.O. Box 172, 8442 Nec Rd.','United States','Baltimore','MD','20222'),
('403 Aliquet. St.','United States','Memphis','TN','34226'),
('Ap #856-3926 Neque St.','United States','Wichita','KS','81886'),
('Ap #318-3479 Accumsan St.','United States','Evansville','IN','70422'),
('122-3859 Dui. Ave','United States','Frankfort','KY','65575'),
('294-4847 Penatibus Av.','United States','Montgomery','AL','36070'),
('Ap #213-9569 Pede Ave','United States','Gulfport','MS','32141'),
('Ap #604-5444 Neque Avenue','United States','Waterbury','CT','38450'),
('P.O. Box 868, 2231 Sem St.','United States','South Burlington','VT','15099'),
('P.O. Box 793, 3380 Dis St.','United States','Philadelphia','PA','52092'),
('Ap #863-8877 Facilisis Av.','United States','Indianapolis','IN','72939'),
('354 Donec Avenue','United States','Fairbanks','AK','99788'),
('P.O. Box 650, 3664 Dapibus Road','United States','Cleveland','OH','27097'),
('1083 Cursus Ave','United States','Oklahoma City','OK','99272'),
('908-5882 Est. Ave','United States','Wilmington','DE','40379'),
('6537 Mauris Av.','United States','Chattanooga','TN','55855'),
('336-2674 Pede. Rd.','United States','Olympia','WA','25539'),
('P.O. Box 907, 4336 Sagittis Ave','United States','Miami','FL','81038'),
('Ap #295-3844 Tempus Av.','United States','Harrisburg','PA','19669'),
('220-2461 Sed Street','United States','Gulfport','MS','92335'),
('Ap #497-3406 Sed Rd.','United States','Anchorage','AK','99925'),
('P.O. Box 597, 1435 Vel, St.','United States','Sterling Heights','MI','10583'),
('Ap #865-6950 Urna, St.','United States','Juneau','AK','99757'),
('Ap #356-7391 Neque. St.','United States','Annapolis','MD','96872'),
('7695 Nulla Av.','United States','Ketchikan','AK','99844'),
('P.O. Box 575, 2056 Nunc Ave','United States','Rutland','VT','48173'),
('8420 Rutrum Ave','United States','Naperville','IL','30433'),
('Ap #122-6203 A St.','United States','Tulsa','OK','24590'),
('375 Consequat, Road','United States','Little Rock','AR','71835'),
('Ap #178-123 Sit Rd.','United States','Baltimore','MD','45744'),
('5570 Et Rd.','United States','Kansas City','KS','80403'),
('Ap #479-2710 Sed Avenue','United States','Iowa City','IA','81886'),
('P.O. Box 778, 6736 Sapien, Street','United States','Grand Rapids','MI','63768'),
('707-1100 Ridiculus Ave','United States','Sandy','UT','38127'),
('Ap #825-9871 Sed Road','United States','Des Moines','IA','47729'),
('Ap #969-3634 Nec, Rd.','United States','Vancouver','WA','17466'),
('Ap #957-1936 Aliquam Rd.','United States','Chandler','AZ','85454'),
('P.O. Box 158, 2657 In, Street','United States','Montpelier','VT','49316'),
('P.O. Box 968, 4889 Euismod Av.','United States','New Haven','CT','76904'),
('1305 Vel Road','United States','Allentown','PA','98644'),
('983-9584 Sed Av.','United States','Chandler','AZ','85387'),
('560-6092 Iaculis Rd.','United States','Iowa City','IA','61735'),
('216-6094 Neque. St.','United States','Honolulu','HI','99027'),
('P.O. Box 977, 2917 Metus Rd.','United States','Chattanooga','TN','21311'),
('3310 Pharetra Road','United States','Provo','UT','27116'),
('Ap #234-3566 Sed St.','United States','Athens','GA','52217'),
('1555 Nonummy Street','United States','Des Moines','IA','79474'),
('P.O. Box 132, 879 Ante. Avenue','United States','New Orleans','LA','53595'),
('6364 Eleifend, Road','United States','Rutland','VT','85525'),
('211-7161 Pellentesque St.','United States','Topeka','KS','20702'),
('Ap #452-4719 Tincidunt Rd.','United States','Bloomington','MN','94458'),
('482-6909 Ipsum. St.','United States','Wilmington','DE','31137'),
('416-6887 Feugiat Road','United States','Henderson','NV','73352'),
('Ap #884-9319 A, St.','United States','Kailua','HI','36568'),
('2336 Tincidunt Av.','United States','Montgomery','AL','36345'),
('9438 Consectetuer, Street','United States','Baton Rouge','LA','88176'),
('7694 Nunc St.','United States','Colchester','VT','64580'),
('P.O. Box 595, 9052 Curabitur Rd.','United States','Great Falls','MT','90472'),
('5930 Sagittis Rd.','United States','Helena','MT','88912'),
('Ap #544-385 Ad St.','United States','Tucson','AZ','86989'),
('4695 Et St.','United States','Sandy','UT','64505'),
('431-456 Odio Avenue','United States','Virginia Beach','VA','31244'),
('P.O. Box 528, 6493 Praesent Ave','United States','Annapolis','MD','99748'),
('476-3981 Vel Avenue','United States','Glendale','AZ','85385'),
('1155 Iaculis St.','United States','College','AK','99752'),
('P.O. Box 220, 9692 Nulla. Rd.','United States','Tallahassee','FL','58242'),
('Ap #419-5622 Arcu Ave','United States','Kailua','HI','91029'),
('Ap #206-2633 Turpis Avenue','United States','Provo','UT','15544'),
('Ap #598-5859 Vitae Road','United States','Boise','ID','17303'),
('487-1234 Fermentum St.','United States','Stamford','CT','16461'),
('Ap #976-6376 Ac St.','United States','Tucson','AZ','86960'),
('167-7909 Elementum Road','United States','Chicago','IL','13049'),
('791-3163 Vivamus St.','United States','Honolulu','HI','96929'),
('9836 Arcu St.','United States','Norman','OK','60222'),
('Ap #509-8440 Nisi. Road','United States','Salt Lake City','UT','93383'),
('2795 A Av.','United States','Independence','MO','27547'),
('2279 Et St.','United States','Evansville','IN','75050'),
('P.O. Box 981, 8958 Faucibus Rd.','United States','Juneau','AK','99771');

INSERT INTO `mailing_info`
(`mailing_user_id`,`mailing_address_id`,`mailing_recipient_name`,`mailing_telephone`,`mailing_is_primary`,`mailing_status`)
VALUES
(1, 1, 'Juan Del Barrio', '5511793628', TRUE, TRUE),
(1, 2, 'Juan Del Barrio', '7332704223', FALSE, TRUE),
(1, 3, 'Juan Del Barrio', '6582283919', FALSE, TRUE),
(1, 4, 'Juan Del Barrio', '1769929904', FALSE, FALSE),
(2, 5, 'Jose Robles', '2512983740', TRUE, TRUE),
(2, 6, 'Jose Robles', '8198510901', FALSE, TRUE),
(2, 7, 'Jose Robles', '5463513963', FALSE, TRUE),
(2, 8, 'Jose Robles', '6159040482', FALSE, FALSE),
(3, 9, 'Chencho Mario Roldan', '1398773781', TRUE, TRUE),
(3, 10, 'Chencho Mario Roldan', '7049139205', FALSE, TRUE),
(3, 11, 'Chencho Mario Roldan', '6156924740', FALSE, TRUE),
(3, 12, 'Chencho Mario Roldan', '5449498798', FALSE, FALSE),
(4, 13, 'Luis Jaime Perez', '9787065152', TRUE, TRUE),
(4, 14, 'Luis Jaime Perez', '1134154699', FALSE, TRUE),
(4, 15, 'Luis Jaime Perez', '3251542537', FALSE, TRUE),
(4, 16, 'Luis Jaime Perez', '4964833643', FALSE, FALSE),
(5, 17, 'Omar Soto', '3049564884', TRUE, TRUE),
(5, 18, 'Omar Soto', '2917387201', FALSE, TRUE),
(5, 19, 'Omar Soto', '9951357603', FALSE, TRUE),
(5, 20, 'Omar Soto', '6501975218', FALSE, FALSE),
(6, 21, 'Jorge Pecas', '6783271782', TRUE, TRUE),
(6, 22, 'Jorge Pecas', '9998628845', FALSE, TRUE),
(6, 23, 'Jorge Pecas', '6889353485', FALSE, TRUE),
(6, 24, 'Jorge Pecas', '6533055981', FALSE, FALSE),
(7, 25, 'Wilson Gallego', '7495563823', TRUE, TRUE),
(7, 26, 'Wilson Gallego', '2155039575', FALSE, TRUE),
(7, 27, 'Wilson Gallego', '4629872572', FALSE, TRUE),
(7, 28, 'Wilson Gallego', '1816304472', FALSE, FALSE),
(8, 29, 'Pedro Picapiedras', '7743035417', TRUE, TRUE),
(8, 30, 'Pedro Picapiedras', '6269217727', FALSE, TRUE),
(8, 31, 'Pedro Picapiedras', '4399069356', FALSE, TRUE),
(8, 32, 'Pedro Picapiedras', '4384831038', FALSE, FALSE),
(9, 33, 'Aurelia Montana', '8191732598', TRUE, TRUE),
(9, 34, 'Aurelia Montana', '5807578332', FALSE, TRUE),
(9, 35, 'Aurelia Montana', '4569807471', FALSE, TRUE),
(9, 36, 'Aurelia Montana', '2756968746', FALSE, FALSE),
(10, 37, 'Lola De Tio', '4777926802', TRUE, TRUE),
(10, 38, 'Lola De Tio', '2818741014', FALSE, TRUE),
(10, 39, 'Lola De Tio', '9097255419', FALSE, TRUE),
(10, 40, 'Lola De Tio', '7963848532', FALSE, FALSE),
(11, 41, 'Barack Hussein Obama', '1934614875', TRUE, TRUE),
(11, 42, 'Barack Hussein Obama', '9444655022', FALSE, TRUE),
(11, 43, 'Barack Hussein Obama', '2888713446', FALSE, TRUE),
(11, 44, 'Barack Hussein Obama', '9593346587', FALSE, FALSE),
(12, 45, 'John Smith', '2113690179', TRUE, TRUE),
(12, 46, 'John Smith', '2327829038', FALSE, TRUE),
(12, 47, 'John Smith', '1581328537', FALSE, TRUE),
(12, 48, 'John Smith', '3197855606', FALSE, FALSE),
(13, 49, 'Rolandito Salas Jusino', '3932959810', TRUE, TRUE),
(13, 50, 'Rolandito Salas Jusino', '4707710572', FALSE, TRUE),
(13, 51, 'Rolandito Salas Jusino', '3588039910', FALSE, TRUE),
(13, 52, 'Rolandito Salas Jusino', '7953414196', FALSE, FALSE),
(14, 53, 'Roberto Clemente', '4899780894', TRUE, TRUE),
(14, 54, 'Roberto Clemente', '1132199366', FALSE, TRUE),
(14, 55, 'Roberto Clemente', '1852196797', FALSE, TRUE),
(14, 56, 'Roberto Clemente', '2084493096', FALSE, FALSE),
(15, 57, 'Tito Kayak', '9567657027', TRUE, TRUE),
(15, 58, 'Tito Kayak', '6835771413', FALSE, TRUE),
(15, 59, 'Tito Kayak', '8871623485', FALSE, TRUE),
(15, 60, 'Tito Kayak', '9698998697', FALSE, FALSE);

INSERT INTO `billing_info`
(`billing_user_id`,`billing_address_id`,`billing_recipient_name`,`billing_telephone`,`billing_status`)
VALUES
(1, 61, 'Juan Del Barrio', '7391392372', TRUE),
(1, 62, 'Juan Del Barrio', '3433112840', TRUE),
(1, 63, 'Juan Del Barrio', '2034472069', TRUE),
(1, 64, 'Juan Del Barrio', '6976203426', TRUE),
(2, 65, 'Jose Robles', '6907181253', TRUE),
(2, 66, 'Jose Robles', '8776072919', TRUE),
(2, 67, 'Jose Robles', '8519851557', TRUE),
(2, 68, 'Jose Robles', '5454679908', TRUE),
(3, 69, 'Chencho Mario Roldan', '8386677575', TRUE),
(3, 70, 'Chencho Mario Roldan', '8594649484', TRUE),
(3, 71, 'Chencho Mario Roldan', '4843843621', TRUE),
(3, 72, 'Chencho Mario Roldan', '1668315914', TRUE),
(4, 73, 'Luis Jaime Perez', '1815863248', TRUE),
(4, 74, 'Luis Jaime Perez', '9005367478', TRUE),
(4, 75, 'Luis Jaime Perez', '4755356707', TRUE),
(4, 76, 'Luis Jaime Perez', '2248673483', TRUE),
(5, 77, 'Omar Soto', '9786533346', TRUE),
(5, 78, 'Omar Soto', '9135714576', TRUE),
(5, 79, 'Omar Soto', '2548897146', TRUE),
(5, 80, 'Omar Soto', '3256580299', TRUE),
(6, 81, 'Jorge Pecas', '3415971653', TRUE),
(6, 82, 'Jorge Pecas', '1109924617', TRUE),
(6, 83, 'Jorge Pecas', '7346365308', TRUE),
(6, 84, 'Jorge Pecas', '2279434854', TRUE),
(7, 85, 'Wilson Gallego', '6497859646', TRUE),
(7, 86, 'Wilson Gallego', '8236776668', TRUE),
(7, 87, 'Wilson Gallego', '4738113618', TRUE),
(7, 88, 'Wilson Gallego', '1606660368', TRUE),
(8, 89, 'Pedro Picapiedras', '1438094888', TRUE),
(8, 90, 'Pedro Picapiedras', '3684046967', TRUE),
(8, 91, 'Pedro Picapiedras', '6323350200', TRUE),
(8, 92, 'Pedro Picapiedras', '4983461334', TRUE),
(9, 93, 'Aurelia Montana', '2806492159', TRUE),
(9, 94, 'Aurelia Montana', '7293213397', TRUE),
(9, 95, 'Aurelia Montana', '7064297698', TRUE),
(9, 96, 'Aurelia Montana', '9599714761', TRUE),
(10, 97, 'Lola De Tio', '5427856583', TRUE),
(10, 98, 'Lola De Tio', '5795564314', TRUE),
(10, 99, 'Lola De Tio', '2363848034', TRUE),
(10, 100, 'Lola De Tio', '6132899164', TRUE),
(11, 101, 'Barack Hussein Obama', '1564299091', TRUE),
(11, 102, 'Barack Hussein Obama', '8372777079', TRUE),
(11, 103, 'Barack Hussein Obama', '5394739109', TRUE),
(11, 104, 'Barack Hussein Obama', '7306205372', TRUE),
(12, 105, 'John Smith', '6443240225', TRUE),
(12, 106, 'John Smith', '3036956823', TRUE),
(12, 107, 'John Smith', '3934471737', TRUE),
(12, 108, 'John Smith', '8053075638', TRUE),
(13, 109, 'Rolandito Salas Jusino', '7463145468', TRUE),
(13, 110, 'Rolandito Salas Jusino', '1188261989', TRUE),
(13, 111, 'Rolandito Salas Jusino', '4202875642', TRUE),
(13, 112, 'Rolandito Salas Jusino', '1526172913', TRUE),
(14, 113, 'Roberto Clemente', '1136335338', TRUE),
(14, 114, 'Roberto Clemente', '4042616927', TRUE),
(14, 115, 'Roberto Clemente', '5352653964', TRUE),
(14, 116, 'Roberto Clemente', '9043676530', TRUE),
(15, 117, 'Tito Kayak', '7218901755', TRUE),
(15, 118, 'Tito Kayak', '2877172682', TRUE),
(15, 119, 'Tito Kayak', '3521283231', TRUE),
(15, 120, 'Tito Kayak', '6056122733', TRUE);
-- (1, 61, 'Juan Del Barrio', '7391392372', FALSE),
-- (1, 62, 'Juan Del Barrio', '3433112840', TRUE),
-- (1, 63, 'Juan Del Barrio', '2034472069', TRUE),
-- (1, 64, 'Juan Del Barrio', '6976203426', FALSE),
-- (2, 65, 'Jose Robles', '6907181253', FALSE),
-- (2, 66, 'Jose Robles', '8776072919', TRUE),
-- (2, 67, 'Jose Robles', '8519851557', TRUE),
-- (2, 68, 'Jose Robles', '5454679908', FALSE),
-- (3, 69, 'Chencho Mario Roldan', '8386677575', FALSE),
-- (3, 70, 'Chencho Mario Roldan', '8594649484', TRUE),
-- (3, 71, 'Chencho Mario Roldan', '4843843621', TRUE),
-- (3, 72, 'Chencho Mario Roldan', '1668315914', FALSE),
-- (4, 73, 'Luis Jaime Perez', '1815863248', FALSE),
-- (4, 74, 'Luis Jaime Perez', '9005367478', TRUE),
-- (4, 75, 'Luis Jaime Perez', '4755356707', TRUE),
-- (4, 76, 'Luis Jaime Perez', '2248673483', FALSE),
-- (5, 77, 'Omar Soto', '9786533346', FALSE),
-- (5, 78, 'Omar Soto', '9135714576', TRUE),
-- (5, 79, 'Omar Soto', '2548897146', TRUE),
-- (5, 80, 'Omar Soto', '3256580299', FALSE),
-- (6, 81, 'Jorge Pecas', '3415971653', FALSE),
-- (6, 82, 'Jorge Pecas', '1109924617', TRUE),
-- (6, 83, 'Jorge Pecas', '7346365308', TRUE),
-- (6, 84, 'Jorge Pecas', '2279434854', FALSE),
-- (7, 85, 'Wilson Gallego', '6497859646', FALSE),
-- (7, 86, 'Wilson Gallego', '8236776668', TRUE),
-- (7, 87, 'Wilson Gallego', '4738113618', TRUE),
-- (7, 88, 'Wilson Gallego', '1606660368', FALSE),
-- (8, 89, 'Pedro Picapiedras', '1438094888', FALSE),
-- (8, 90, 'Pedro Picapiedras', '3684046967', TRUE),
-- (8, 91, 'Pedro Picapiedras', '6323350200', TRUE),
-- (8, 92, 'Pedro Picapiedras', '4983461334', FALSE),
-- (9, 93, 'Aurelia Montana', '2806492159', FALSE),
-- (9, 94, 'Aurelia Montana', '7293213397', TRUE),
-- (9, 95, 'Aurelia Montana', '7064297698', TRUE),
-- (9, 96, 'Aurelia Montana', '9599714761', FALSE),
-- (10, 97, 'Lola De Tio', '5427856583', FALSE),
-- (10, 98, 'Lola De Tio', '5795564314', TRUE),
-- (10, 99, 'Lola De Tio', '2363848034', TRUE),
-- (10, 100, 'Lola De Tio', '6132899164', FALSE),
-- (11, 101, 'Barack Hussein Obama', '1564299091', FALSE),
-- (11, 102, 'Barack Hussein Obama', '8372777079', TRUE),
-- (11, 103, 'Barack Hussein Obama', '5394739109', TRUE),
-- (11, 104, 'Barack Hussein Obama', '7306205372', FALSE),
-- (12, 105, 'John Smith', '6443240225', FALSE),
-- (12, 106, 'John Smith', '3036956823', TRUE),
-- (12, 107, 'John Smith', '3934471737', TRUE),
-- (12, 108, 'John Smith', '8053075638', FALSE),
-- (13, 109, 'Rolandito Salas Jusino', '7463145468', FALSE),
-- (13, 110, 'Rolandito Salas Jusino', '1188261989', TRUE),
-- (13, 111, 'Rolandito Salas Jusino', '4202875642', TRUE),
-- (13, 112, 'Rolandito Salas Jusino', '1526172913', FALSE),
-- (14, 113, 'Roberto Clemente', '1136335338', FALSE),
-- (14, 114, 'Roberto Clemente', '4042616927', TRUE),
-- (14, 115, 'Roberto Clemente', '5352653964', TRUE),
-- (14, 116, 'Roberto Clemente', '9043676530', FALSE),
-- (15, 117, 'Tito Kayak', '7218901755', FALSE),
-- (15, 118, 'Tito Kayak', '2877172682', TRUE),
-- (15, 119, 'Tito Kayak', '3521283231', TRUE),
-- (15, 120, 'Tito Kayak', '6056122733', FALSE);

INSERT INTO `bank_info`
(`bank_user_id`,`bank_billing_address_id`,`bank_name`,`bank_account_owner_name`,`bank_account_type`,`bank_account_number`,`bank_routing_number`,`bank_status`)
VALUES
(1, 1, 'Twitterblab', 'Juan Del Barrio', 'Checking', '34972961372885649', '488803777', TRUE),
(1, 2, 'Livebridge', 'Juan Del Barrio', 'Savings', '76437371242324670', '090544140', TRUE),
(1, 3, 'Nbird', 'Juan Del Barrio', 'Checking', '35566837089310513', '842090282', FALSE),
(1, 4, 'Flashtype', 'Juan Del Barrio', 'Other', '19225151943861182', '067015896', TRUE),
(2, 5, 'Yotri', 'Jose Robles', 'Checking', '22026331370151321', '263973028', TRUE),
(2, 6, 'Linkster', 'Jose Robles', 'Savings', '17087005926891917', '471917740', TRUE),
(2, 7, 'Lalith', 'Jose Robles', 'Checking', '11630394205938881', '435957011', FALSE),
(2, 8, 'Kwinder', 'Jose Robles', 'Other', '84238860018921865', '158743234', TRUE),
(3, 9, 'Avante', 'Chencho Mario Roldan', 'Checking', '94425128663900723', '467227373', TRUE),
(3, 10, 'Quiba', 'Chencho Mario Roldan', 'Savings', '72311844631157802', '221533595', TRUE),
(3, 11, 'Livecast', 'Chencho Mario Roldan', 'Checking', '75503121793544246', '690467745', FALSE),
(3, 12, 'Triyo', 'Chencho Mario Roldan', 'Other', '79248639533786416', '945912004', TRUE),
(4, 13, 'Realtag', 'Luis Jaime Perez', 'Checking', '86770489105718638', '120518628', TRUE),
(4, 14, 'Browsepath', 'Luis Jaime Perez', 'Savings', '59432185254913870', '670912163', TRUE),
(4, 15, 'Nworks', 'Luis Jaime Perez', 'Checking', '57447642461090684', '762881090', FALSE),
(4, 16, 'Babblewire', 'Luis Jaime Perez', 'Other', '91686931844625209', '880109628', TRUE),
(5, 17, 'Trinoodle', 'Omar Soto', 'Checking', '67600061161756762', '411410563', TRUE),
(5, 18, 'Wordtag', 'Omar Soto', 'Savings', '62294048763963549', '181186702', TRUE),
(5, 19, 'Innoverse', 'Omar Soto', 'Checking', '64036197843616239', '295180440', FALSE),
(5, 20, 'Rhyzzy', 'Omar Soto', 'Other', '28966730603243894', '980433162', TRUE),
(6, 21, 'Kalith', 'Jorge Pecas', 'Checking', '25523466183312592', '046166180', TRUE),
(6, 22, 'Liveopia', 'Jorge Pecas', 'Savings', '26957650804798044', '953506410', TRUE),
(6, 23, 'Blogtag', 'Jorge Pecas', 'Checking', '27994078491993153', '427390228', FALSE),
(6, 24, 'Vilane', 'Jorge Pecas', 'Other', '72923828627662841', '200238004', TRUE),
(7, 25, 'Yambee', 'Wilson Gallego', 'Checking', '71966593813295572', '438135360', TRUE),
(7, 26, 'Divazu', 'Wilson Gallego', 'Savings', '91096572752069658', '638387346', TRUE),
(7, 27, 'Tridoo', 'Wilson Gallego', 'Checking', '79730705585170316', '377664229', FALSE),
(7, 28, 'Triva', 'Wilson Gallego', 'Other', '59820884619715513', '072248490', TRUE),
(8, 29, 'Ooxo', 'Pedro Picapiedras', 'Checking', '24617171053734096', '489691816', TRUE),
(8, 30, 'Kaymba', 'Pedro Picapiedras', 'Savings', '26160060965880584', '965544196', TRUE),
(8, 31, 'Chattermix', 'Pedro Picapiedras', 'Checking', '70365293553882771', '761418773', FALSE),
(8, 32, 'Pixonoodle', 'Pedro Picapiedras', 'Other', '98859033990804815', '012251552', TRUE),
(9, 33, 'Kwindu', 'Aurelia Montana', 'Checking', '00089894828269239', '796522821', TRUE),
(9, 34, 'Taboo', 'Aurelia Montana', 'Savings', '07065950183856914', '473641815', TRUE),
(9, 35, 'Topify', 'Aurelia Montana', 'Checking', '15709688705033431', '483902097', FALSE),
(9, 36, 'Edgebean', 'Aurelia Montana', 'Other', '30853868885233672', '263082801', TRUE),
(10, 37, 'Yazzy', 'Lola De Tio', 'Checking', '34948494888027327', '782648807', TRUE),
(10, 38, 'Leelane', 'Lola De Tio', 'Savings', '30998022005017347', '191953751', TRUE),
(10, 39, 'Minix', 'Lola De Tio', 'Checking', '33099204446484148', '287195815', FALSE),
(10, 40, 'Mybox', 'Lola De Tio', 'Other', '75416067034982902', '561684568', TRUE),
(11, 41, 'Eacero', 'Barack Hussein Obama', 'Checking', '92932866104241938', '294919567', TRUE),
(11, 42, 'Avamba', 'Barack Hussein Obama', 'Savings', '69671641651966948', '601177977', TRUE),
(11, 43, 'Kitz', 'Barack Hussein Obama', 'Checking', '98207049923248137', '068119951', FALSE),
(11, 44, 'Cogivu', 'Barack Hussein Obama', 'Other', '88856901969000314', '842371763', TRUE),
(12, 45, 'Centimm', 'John Smith', 'Checking', '30456709732883325', '719480508', TRUE),
(12, 46, 'Muble', 'John Smith', 'Savings', '44146378145057041', '205001813', TRUE),
(12, 47, 'Ope', 'John Smith', 'Checking', '98336326342023041', '818993131', FALSE),
(12, 48, 'Tekbeat', 'John Smith', 'Other', '01840091221777902', '317789738', TRUE),
(13, 49, 'Jabberfly', 'Rolandito Salas Jusino', 'Checking', '13407137990026680', '798618128', TRUE),
(13, 50, 'Lanu', 'Rolandito Salas Jusino', 'Savings', '32558994620862036', '995036805', TRUE),
(13, 51, 'SnapZ', 'Rolandito Salas Jusino', 'Checking', '65443738151229555', '310691581', FALSE),
(13, 52, 'Mulia', 'Rolandito Salas Jusino', 'Other', '17352877295422078', '878658510', TRUE),
(14, 53, 'Dynalium', 'Roberto Clemente', 'Checking', '54534726336635232', '322253322', TRUE),
(14, 54, 'Myzz', 'Roberto Clemente', 'Savings', '59693135414418136', '581671284', TRUE),
(14, 55, 'Wordify', 'Roberto Clemente', 'Checking', '72831880281619209', '865442318', FALSE),
(14, 56, 'Bubblespot', 'Roberto Clemente', 'Other', '69929643541379993', '169101427', TRUE),
(15, 57, 'Kamia', 'Tito Kayak', 'Checking', '61472469948401428', '760018286', TRUE),
(15, 58, 'Plavee', 'Tito Kayak', 'Savings', '01726160624898737', '304891335', TRUE),
(15, 59, 'Kwicero', 'Tito Kayak', 'Checking', '99365514343564273', '676483303', FALSE),
(15, 60, 'Dabtag', 'Tito Kayak', 'Other', '94987701096579462', '546312424', TRUE);

INSERT INTO `credit_card_info`
(`credit_card_user_id`,`credit_card_billing_address_id`,`credit_card_type`,`credit_card_owner_name`,`credit_card_expiration_date`,`credit_card_number`,`credit_card_csv`,`credit_card_status`)
VALUES
(1, 1, 'Visa', 'Juan Del Barrio', CURRENT_DATE + INTERVAL 1 YEAR, '3457694593145116', '5965', FALSE),
(1, 2, 'MasterCard', 'Juan Del Barrio', CURRENT_DATE + INTERVAL 1 YEAR, '9646582523075141', '1188', TRUE),
(1, 3, 'AmericanExpress', 'Juan Del Barrio', CURRENT_DATE + INTERVAL 1 YEAR, '1233422601936906', '4201', TRUE),
(1, 4, 'Other', 'Juan Del Barrio', CURRENT_DATE + INTERVAL 1 YEAR, '6982218927833506', '8009', TRUE),
(2, 5, 'Visa', 'Jose Robles', CURRENT_DATE + INTERVAL 1 YEAR, '1471532661990567', '3597', TRUE),
(2, 6, 'MasterCard', 'Jose Robles', CURRENT_DATE + INTERVAL 1 YEAR, '6778323780855107', '9241', FALSE),
(2, 7, 'AmericanExpress', 'Jose Robles', CURRENT_DATE + INTERVAL 1 YEAR, '1940005003822967', '6598', TRUE),
(2, 8, 'Other', 'Jose Robles', CURRENT_DATE + INTERVAL 1 YEAR, '4610154536616524', '5752', TRUE),
(3, 9, 'Visa', 'Chencho Mario Roldan', CURRENT_DATE + INTERVAL 1 YEAR, '0558644437117081', '2874', TRUE),
(3, 10, 'MasterCard', 'Chencho Mario Roldan', CURRENT_DATE + INTERVAL 1 YEAR, '7669806500772813', '0624', TRUE),
(3, 11, 'AmericanExpress', 'Chencho Mario Roldan', CURRENT_DATE + INTERVAL 1 YEAR, '4774224679326114', '8256', FALSE),
(3, 12, 'Other', 'Chencho Mario Roldan', CURRENT_DATE + INTERVAL 1 YEAR, '7941719578377997', '2555', TRUE),
(4, 13, 'Visa', 'Luis Jaime Perez', CURRENT_DATE + INTERVAL 1 YEAR, '3015386776989961', '0530', TRUE),
(4, 14, 'MasterCard', 'Luis Jaime Perez', CURRENT_DATE + INTERVAL 1 YEAR, '9470054944575778', '7823', TRUE),
(4, 15, 'AmericanExpress', 'Luis Jaime Perez', CURRENT_DATE + INTERVAL 1 YEAR, '2086057498053010', '4229', TRUE),
(4, 16, 'Other', 'Luis Jaime Perez', CURRENT_DATE + INTERVAL 1 YEAR, '6380137139910297', '9722', FALSE),
(5, 17, 'Visa', 'Omar Soto', CURRENT_DATE + INTERVAL 1 YEAR, '8967688653710128', '5803', TRUE),
(5, 18, 'MasterCard', 'Omar Soto', CURRENT_DATE + INTERVAL 1 YEAR, '4224153340316984', '1504', TRUE),
(5, 19, 'AmericanExpress', 'Omar Soto', CURRENT_DATE + INTERVAL 1 YEAR, '9525402949140335', '1502', FALSE),
(5, 20, 'Other', 'Omar Soto', CURRENT_DATE + INTERVAL 1 YEAR, '6597020433502451', '0338', TRUE),
(6, 21, 'Visa', 'Jorge Pecas', CURRENT_DATE + INTERVAL 1 YEAR, '4543598206393651', '2526', TRUE),
(6, 22, 'MasterCard', 'Jorge Pecas', CURRENT_DATE + INTERVAL 1 YEAR, '9246233605247042', '8467', FALSE),
(6, 23, 'AmericanExpress', 'Jorge Pecas', CURRENT_DATE + INTERVAL 1 YEAR, '5951844917844454', '1897', TRUE),
(6, 24, 'Other', 'Jorge Pecas', CURRENT_DATE + INTERVAL 1 YEAR, '7010446409970405', '8523', TRUE),
(7, 25, 'Visa', 'Wilson Gallego', CURRENT_DATE + INTERVAL 1 YEAR, '3572012190645283', '9700', FALSE),
(7, 26, 'MasterCard', 'Wilson Gallego', CURRENT_DATE + INTERVAL 1 YEAR, '2327910501306307', '4376', TRUE),
(7, 27, 'AmericanExpress', 'Wilson Gallego', CURRENT_DATE + INTERVAL 1 YEAR, '1108961014361029', '3133', TRUE),
(7, 28, 'Other', 'Wilson Gallego', CURRENT_DATE + INTERVAL 1 YEAR, '3037402492296259', '5627', TRUE),
(8, 29, 'Visa', 'Pedro Picapiedras', CURRENT_DATE + INTERVAL 1 YEAR, '8229441458800744', '2430', TRUE),
(8, 30, 'MasterCard', 'Pedro Picapiedras', CURRENT_DATE + INTERVAL 1 YEAR, '7812847769722221', '8281', FALSE),
(8, 31, 'AmericanExpress', 'Pedro Picapiedras', CURRENT_DATE + INTERVAL 1 YEAR, '5419823302419856', '0296', TRUE),
(8, 32, 'Other', 'Pedro Picapiedras', CURRENT_DATE + INTERVAL 1 YEAR, '6785152759082207', '4590', TRUE),
(9, 33, 'Visa', 'Aurelia Montana', CURRENT_DATE + INTERVAL 1 YEAR, '6174307431620197', '4617', TRUE),
(9, 34, 'MasterCard', 'Aurelia Montana', CURRENT_DATE + INTERVAL 1 YEAR, '9720348948860837', '0463', TRUE),
(9, 35, 'AmericanExpress', 'Aurelia Montana', CURRENT_DATE + INTERVAL 1 YEAR, '9013198404716685', '1370', FALSE),
(9, 36, 'Other', 'Aurelia Montana', CURRENT_DATE + INTERVAL 1 YEAR, '4068547935633903', '9257', TRUE),
(10, 37, 'Visa', 'Lola De Tio', CURRENT_DATE + INTERVAL 1 YEAR, '0262157294350115', '2485', TRUE),
(10, 38, 'MasterCard', 'Lola De Tio', CURRENT_DATE + INTERVAL 1 YEAR, '2737106462802933', '6621', TRUE),
(10, 39, 'AmericanExpress', 'Lola De Tio', CURRENT_DATE + INTERVAL 1 YEAR, '2053526579081133', '5428', TRUE),
(10, 40, 'Other', 'Lola De Tio', CURRENT_DATE + INTERVAL 1 YEAR, '9600775304334766', '3842', FALSE),
(11, 41, 'Visa', 'Barack Hussein Obama', CURRENT_DATE + INTERVAL 1 YEAR, '7203568269170409', '3007', TRUE),
(11, 42, 'MasterCard', 'Barack Hussein Obama', CURRENT_DATE + INTERVAL 1 YEAR, '7363698647263280', '8776', TRUE),
(11, 43, 'AmericanExpress', 'Barack Hussein Obama', CURRENT_DATE + INTERVAL 1 YEAR, '6264805561818626', '8979', FALSE),
(11, 44, 'Other', 'Barack Hussein Obama', CURRENT_DATE + INTERVAL 1 YEAR, '8100632494852601', '7766', TRUE),
(12, 45, 'Visa', 'John Smith', CURRENT_DATE + INTERVAL 1 YEAR, '9925863065524781', '9131', TRUE),
(12, 46, 'MasterCard', 'John Smith', CURRENT_DATE + INTERVAL 1 YEAR, '6038243285236784', '5899', FALSE),
(12, 47, 'AmericanExpress', 'John Smith', CURRENT_DATE + INTERVAL 1 YEAR, '7217584820255815', '5116', TRUE),
(12, 48, 'Other', 'John Smith', CURRENT_DATE + INTERVAL 1 YEAR, '9887111404295054', '4179', TRUE),
(13, 49, 'Visa', 'Rolandito Salas Jusino', CURRENT_DATE + INTERVAL 1 YEAR, '8767937623532566', '6607', FALSE),
(13, 50, 'MasterCard', 'Rolandito Salas Jusino', CURRENT_DATE + INTERVAL 1 YEAR, '3312832338279175', '9047', TRUE),
(13, 51, 'AmericanExpress', 'Rolandito Salas Jusino', CURRENT_DATE + INTERVAL 1 YEAR, '5791826069580903', '3290', TRUE),
(13, 52, 'Other', 'Rolandito Salas Jusino', CURRENT_DATE + INTERVAL 1 YEAR, '2438842059684080', '9579', TRUE),
(14, 53, 'Visa', 'Roberto Clemente', CURRENT_DATE + INTERVAL 1 YEAR, '6498602414251131', '7102', TRUE),
(14, 54, 'MasterCard', 'Roberto Clemente', CURRENT_DATE + INTERVAL 1 YEAR, '0011531411763449', '2297', FALSE),
(14, 55, 'AmericanExpress', 'Roberto Clemente', CURRENT_DATE + INTERVAL 1 YEAR, '6290220381173797', '0875', TRUE),
(14, 56, 'Other', 'Roberto Clemente', CURRENT_DATE + INTERVAL 1 YEAR, '4450302016079251', '0457', TRUE),
(15, 57, 'Visa', 'Tito Kayak', CURRENT_DATE + INTERVAL 1 YEAR, '4213142988934268', '0640', TRUE),
(15, 58, 'MasterCard', 'Tito Kayak', CURRENT_DATE + INTERVAL 1 YEAR, '1270883983595523', '6989', TRUE),
(15, 59, 'AmericanExpress', 'Tito Kayak', CURRENT_DATE + INTERVAL 1 YEAR, '8811695160306317', '2701', FALSE),
(15, 60, 'Other', 'Tito Kayak', CURRENT_DATE + INTERVAL 1 YEAR, '1819861209051102', '3710', TRUE);

INSERT INTO `category_info`
(`category_id`, `category_name`, `category_parent_id`, `category_creation_date`, `category_status`)
VALUES
-- Special Purpose --
(1, 'Other', NULL, CURRENT_TIMESTAMP, TRUE),
-- Level 1 Categories --
(2, 'Books', NULL, CURRENT_TIMESTAMP, TRUE),
(3, 'Electronics', NULL, CURRENT_TIMESTAMP, TRUE),
(4, 'Computers', NULL, CURRENT_TIMESTAMP, TRUE),
(5, 'Clothing', NULL, CURRENT_TIMESTAMP, TRUE),
(6, 'Sports', NULL, CURRENT_TIMESTAMP, TRUE),
-- Level 2 Categories --
(7, 'Children', 2, CURRENT_TIMESTAMP, TRUE),
(8, 'Fiction', 2, CURRENT_TIMESTAMP, TRUE),
(9, 'Technology', 2, CURRENT_TIMESTAMP, TRUE),
(10, 'Business', 2, CURRENT_TIMESTAMP, TRUE),
(11, 'TV', 3, CURRENT_TIMESTAMP, TRUE),
(12, 'Audio', 3, CURRENT_TIMESTAMP, TRUE),
(13, 'Phones', 3, CURRENT_TIMESTAMP, TRUE),
(14, 'Cameras', 3, CURRENT_TIMESTAMP, TRUE),
(15, 'Video', 3, CURRENT_TIMESTAMP, TRUE),
(16, 'Laptops', 4, CURRENT_TIMESTAMP, TRUE),
(17, 'Desktops', 4, CURRENT_TIMESTAMP, TRUE),
(18, 'Tablets', 4, CURRENT_TIMESTAMP, TRUE),
(19, 'Printers', 4, CURRENT_TIMESTAMP, TRUE),
(20, 'Children', 5, CURRENT_TIMESTAMP, TRUE),
(21, 'Men', 5, CURRENT_TIMESTAMP, TRUE),
(22, 'Women', 5, CURRENT_TIMESTAMP, TRUE),
(23, 'Shoes', 5, CURRENT_TIMESTAMP, TRUE),
(24, 'Bicycles', 6, CURRENT_TIMESTAMP, TRUE),
(25, 'Fishing', 6, CURRENT_TIMESTAMP, TRUE),
(26, 'Baseball', 6, CURRENT_TIMESTAMP, TRUE),
(27, 'Gold', 6, CURRENT_TIMESTAMP, TRUE),
(28, 'Basketball', 6, CURRENT_TIMESTAMP, TRUE),
-- Level 3 Categories --
(29, 'Shirts', 21, CURRENT_TIMESTAMP, TRUE),
(30, 'Pants', 21, CURRENT_TIMESTAMP, TRUE),
(31, 'Socks', 21, CURRENT_TIMESTAMP, TRUE),
(32, 'Shirts', 22, CURRENT_TIMESTAMP, TRUE),
(33, 'Pants', 22, CURRENT_TIMESTAMP, TRUE),
(34, 'Dresses', 22, CURRENT_TIMESTAMP, TRUE),
(35, 'Children', 23, CURRENT_TIMESTAMP, TRUE),
(36, 'Women', 23, CURRENT_TIMESTAMP, TRUE),
(37, 'Men', 23, CURRENT_TIMESTAMP, TRUE),
(38, 'Frames', 24, CURRENT_TIMESTAMP, TRUE),
(39, 'Wheels', 24, CURRENT_TIMESTAMP, TRUE),
(40, 'Helmet', 24, CURRENT_TIMESTAMP, TRUE),
(41, 'Parts', 24, CURRENT_TIMESTAMP, TRUE);

INSERT INTO `product_specification`
(`product_spec_id`, `product_spec_category_id`, `product_spec_name`, `product_spec_nonbid_price`, `product_spec_starting_bid_price` ,`product_spec_bid_end_date` ,`product_spec_shipping_price` ,`product_spec_quantity` ,`product_spec_description` ,`product_spec_condition` ,`product_spec_picture` ,`product_spec_brand` ,`product_spec_model` ,`product_spec_dimensions`, `product_spec_is_draft`)
VALUES
(1, 2, 'Beacon Hook', 453.78, 3.69, CURRENT_TIMESTAMP + INTERVAL 1 MONTH, 13.64, 13+1, 'Lorem ipsum dolor sit amet.', 'New', '/pictures/1HxGwaG.png', 'OLC', 'Roundfan', '64x86x28', TRUE),
(2, 2, 'Bitter Boiling Temple', 963.60, 1.45, CURRENT_TIMESTAMP + INTERVAL 1 MONTH, 14.02, 36+1, 'Lorem ipsum dolor sit amet.', 'Used', '/pictures/2cVxvJW.png', 'NLM', 'Phys Com', '14x18x65', FALSE),
(3, 3, 'Eternal Blue Planet', 82.23, 1.02, CURRENT_TIMESTAMP + INTERVAL 1 MONTH, 12.80, 42+1, 'Lorem ipsum dolor sit amet.', 'Refurbished', '/pictures/3SMvmLL.png', 'XOX', 'Geofax', '74x44x14', TRUE),
(4, 3, 'Teal Breeze', 274.65, 3.19, CURRENT_TIMESTAMP + INTERVAL 1 MONTH, 15.73, 38+1, 'Lorem ipsum dolor sit amet.', 'New', '/pictures/47gMsB9.png', 'WZN', 'Tran-Fresh', '77x14x24', FALSE),
(5, 4, 'Magenta Burst', 906.36, 7.37, CURRENT_TIMESTAMP + INTERVAL 1 MONTH, 11.10, 46+1, 'Lorem ipsum dolor sit amet.', 'Used', '/pictures/5cQspbI.png', 'HNI', 'Truetop', '14x73x13', TRUE),
(6, 4, 'Bitter Galaxy', 672.41, 8.73, CURRENT_TIMESTAMP + INTERVAL 1 MONTH, 10.05, 20+1, 'Lorem ipsum dolor sit amet.', 'Refurbished', '/pictures/6RpSKAq.png', 'RKG', 'Geokix', '31x68x15', FALSE),
(7, 5, 'Digital Comic', 142.46, 3.15, CURRENT_TIMESTAMP + INTERVAL 1 MONTH, 17.65, 2+1, 'Lorem ipsum dolor sit amet.', 'New', '/pictures/7PnrU0s.png', 'DAJ', 'Techeco', '12x36x21', TRUE),
(8, 5, 'Risky Locomotive', 154.34, 1.64, CURRENT_TIMESTAMP + INTERVAL 1 MONTH, 13.47, 46+1, 'Lorem ipsum dolor sit amet.', 'Used', '/pictures/8Pbz9ij.png', 'GIG', 'Tech Dox', '75x44x73', FALSE),
(9, 6, 'Steady Tea', 53.26, 2.79, CURRENT_TIMESTAMP + INTERVAL 1 MONTH, 19.12, 7+1, 'Lorem ipsum dolor sit amet.', 'Refurbished', '/pictures/9a6IGMC.png', 'XRY', 'Ecobam', '78x14x16', TRUE),
(10, 6, 'Gutsy Clown', 309.56, 2.57, CURRENT_TIMESTAMP + INTERVAL 1 MONTH, 12.66, 49+1, 'Lorem ipsum dolor sit amet.', 'New', '/pictures/105p8HyO.png', 'DIM', 'Kanstock', '45x18x38', FALSE),
(11, 7, 'Itchy Winter', 610.27, 6.96, CURRENT_TIMESTAMP + INTERVAL 1 MONTH, 14.65, 25+1, 'Lorem ipsum dolor sit amet.', 'Used', '/pictures/11gugtox.png', 'RSA', 'Dondax', '13x28x68', TRUE),
(12, 7, 'Bitter Toothbrush', 511.92, 8.43, CURRENT_TIMESTAMP + INTERVAL 1 MONTH, 10.01, 4+1, 'Lorem ipsum dolor sit amet.', 'Refurbished', '/pictures/12P6beAp.png', 'RSP', 'Pluslam', '63x61x23', FALSE),
(13, 8, 'Global Hammer', 205.94, 6.86, CURRENT_TIMESTAMP + INTERVAL 1 MONTH, 12.77, 4+1, 'Lorem ipsum dolor sit amet.', 'New', '/pictures/13F8VQvQ.png', 'EBV', 'Betajoycom', '65x13x11', TRUE),
(14, 8, 'Finger Sleepy', 460.27, 4.60, CURRENT_TIMESTAMP + INTERVAL 1 MONTH, 12.51, 10+1, 'Lorem ipsum dolor sit amet.', 'Used', '/pictures/14vzsrQ2.png', 'UJZ', 'Zonzumcom', '58x51x82', FALSE),
(15, 9, 'Angry Compass', 717.90, 3.31, CURRENT_TIMESTAMP + INTERVAL 1 MONTH, 10.45, 41+1, 'Lorem ipsum dolor sit amet.', 'Refurbished', '/pictures/15KxnyN6.png', 'CHG', 'K- Lax', '86x88x35', TRUE),
(16, 9, 'Appropriate Temporary Dagger', 594.66, 2.62, CURRENT_TIMESTAMP + INTERVAL 1 MONTH, 14.46, 9+1, 'Lorem ipsum dolor sit amet.', 'New', '/pictures/16JBJsPz.png', 'STE', 'K- Tanlab', '62x78x27', FALSE),
(17, 10, 'Needless Venus', 744.80, 4.74, CURRENT_TIMESTAMP + INTERVAL 1 MONTH, 13.87, 1+1, 'Lorem ipsum dolor sit amet.', 'Used', '/pictures/17Y0Ngh8.png', 'SJZ', 'Geocof', '54x27x28', TRUE),
(18, 10, 'Alarm Dirty', 983.39, 5.87, CURRENT_TIMESTAMP + INTERVAL 1 MONTH, 10.11, 40+1, 'Lorem ipsum dolor sit amet.', 'Refurbished', '/pictures/18PF5H5t.png', 'YOD', 'Ran Traxbam', '58x44x44', FALSE),
(19, 11, 'Long Microphone', 490.71, 8.96, CURRENT_TIMESTAMP + INTERVAL 1 MONTH, 16.22, 17+1, 'Lorem ipsum dolor sit amet.', 'New', '/pictures/19wFfQo0.png', 'ZQA', 'Quoteair', '68x86x28', TRUE),
(20, 11, 'Flaming Swallow', 54.09, 7.35, CURRENT_TIMESTAMP + INTERVAL 1 MONTH, 13.59, 7+1, 'Lorem ipsum dolor sit amet.', 'Used', '/pictures/20XAOr1J.png', 'ANJ', 'Tree-Home', '15x47x74', FALSE),
(21, 12, 'Needless Scorpion', 11.10, 1.17, CURRENT_TIMESTAMP + INTERVAL 1 MONTH, 18.24, 20+1, 'Lorem ipsum dolor sit amet.', 'Refurbished', '/pictures/21kiohXK.png', 'QXG', 'Roundfind', '15x85x68', TRUE),
(22, 12, 'Lama Massive', 201.12, 8.78, CURRENT_TIMESTAMP + INTERVAL 1 MONTH, 17.86, 23+1, 'Lorem ipsum dolor sit amet.', 'New', '/pictures/22oHhTFD.png', 'IWJ', 'Ranfresh', '76x34x31', FALSE),
(23, 13, 'Morbid Cobra', 80.64, 6.26, CURRENT_TIMESTAMP + INTERVAL 1 MONTH, 16.22, 21+1, 'Lorem ipsum dolor sit amet.', 'Used', '/pictures/23kpHpyr.png', 'TXV', 'Strongbam', '42x74x83', TRUE),
(24, 13, 'Hideous Xylophone', 549.17, 1.00, CURRENT_TIMESTAMP + INTERVAL 1 MONTH, 17.51, 7+1, 'Lorem ipsum dolor sit amet.', 'Refurbished', '/pictures/247Msogw.png', 'CBA', 'Trestamdex', '18x28x14', FALSE),
(25, 14, 'Elastic Dancing Firecracker', 141.78, 1.71, CURRENT_TIMESTAMP + INTERVAL 1 MONTH, 10.35, 20+1, 'Lorem ipsum dolor sit amet.', 'New', '/pictures/25V79tIx.png', 'OTX', 'Uni Lab', '62x16x53', TRUE),
(26, 14, 'Lucky Sledgehammer', 375.73, 2.02, CURRENT_TIMESTAMP + INTERVAL 1 MONTH, 19.28, 31+1, 'Lorem ipsum dolor sit amet.', 'Used', '/pictures/26f3nQOW.png', 'OXS', 'Daltdax', '74x36x15', FALSE),
(27, 15, 'Eastern Bleeding Zeus', 37.10, 3.74, CURRENT_TIMESTAMP + INTERVAL 1 MONTH, 18.87, 32+1, 'Lorem ipsum dolor sit amet.', 'Refurbished', '/pictures/27B93KVC.png', 'PRP', 'Sunozetex', '83x45x36', TRUE),
(28, 15, 'Wild Dusty Haystack', 612.84, 5.46, CURRENT_TIMESTAMP + INTERVAL 1 MONTH, 18.18, 26+1, 'Lorem ipsum dolor sit amet.', 'New', '/pictures/283B6fiv.png', 'MJM', 'Triostatair', '61x76x44', FALSE),
(29, 16, 'Western Wrench', 284.55, 5.50, CURRENT_TIMESTAMP + INTERVAL 1 MONTH, 13.15, 15+1, 'Lorem ipsum dolor sit amet.', 'Used', '/pictures/29Lh9MJi.png', 'VFP', 'Fax Find', '54x47x38', TRUE),
(30, 16, 'Shiny Mars', 605.18, 2.05, CURRENT_TIMESTAMP + INTERVAL 1 MONTH, 16.04, 15+1, 'Lorem ipsum dolor sit amet.', 'Refurbished', '/pictures/30xVZh9H.png', 'IQW', 'Open Zumfresh', '46x58x34', FALSE),
(31, 17, 'Discarded Rebel Moose', 652.50, 4.96, CURRENT_TIMESTAMP + INTERVAL 1 MONTH, 19.57, 49+1, 'Lorem ipsum dolor sit amet.', 'New', '/pictures/31uPFHZV.png', 'GSB', 'Voya Anin', '88x21x45', TRUE),
(32, 17, 'Harsh Canal', 225.16, 2.17, CURRENT_TIMESTAMP + INTERVAL 1 MONTH, 19.71, 16+1, 'Lorem ipsum dolor sit amet.', 'Used', '/pictures/32dtYYr7.png', 'ZGX', 'Unidox', '14x28x88', FALSE),
(33, 18, 'Cat Endless', 436.59, 5.24, CURRENT_TIMESTAMP + INTERVAL 1 MONTH, 19.15, 4+1, 'Lorem ipsum dolor sit amet.', 'Refurbished', '/pictures/33wL6jIC.png', 'PVF', 'Zumma Tanhold', '85x55x63', TRUE),
(34, 18, 'Endless Restless Galaxy', 105.42, 6.15, CURRENT_TIMESTAMP + INTERVAL 1 MONTH, 12.56, 32+1, 'Lorem ipsum dolor sit amet.', 'New', '/pictures/34utwnnR.png', 'GZG', 'Solloting', '35x41x87', FALSE),
(35, 19, 'Grotesque Heart', 659.88, 2.11, CURRENT_TIMESTAMP + INTERVAL 1 MONTH, 15.35, 37+1, 'Lorem ipsum dolor sit amet.', 'Used', '/pictures/359e6TfZ.png', 'ELU', 'Domcore', '21x42x47', TRUE),
(36, 19, 'Rapid Longitude', 81.20, 8.86, CURRENT_TIMESTAMP + INTERVAL 1 MONTH, 14.54, 44+1, 'Lorem ipsum dolor sit amet.', 'Refurbished', '/pictures/36u0jxya.png', 'DGJ', 'Tontax', '38x18x82', FALSE),
(37, 20, 'Severe Notorious', 169.61, 5.81, CURRENT_TIMESTAMP + INTERVAL 1 MONTH, 14.32, 32+1, 'Lorem ipsum dolor sit amet.', 'New', '/pictures/37us0FkI.png', 'PLP', 'Cof Dox', '85x22x77', TRUE),
(38, 20, 'Ninth Lama', 894.07, 3.99, CURRENT_TIMESTAMP + INTERVAL 1 MONTH, 13.61, 48+1, 'Lorem ipsum dolor sit amet.', 'Used', '/pictures/38yz9kHG.png', 'VMI', 'Fix Kaycom', '13x85x81', FALSE),
(39, 21, 'Navy Finger', 455.18, 1.50, CURRENT_TIMESTAMP + INTERVAL 1 MONTH, 11.79, 46+1, 'Lorem ipsum dolor sit amet.', 'Refurbished', '/pictures/39PqVpm1.png', 'HCX', 'Unabam', '44x61x54', TRUE),
(40, 21, 'Third Surreal Tuba', 392.28, 2.05, CURRENT_TIMESTAMP + INTERVAL 1 MONTH, 17.14, 38+1, 'Lorem ipsum dolor sit amet.', 'New', '/pictures/40Lseusa.png', 'NOM', 'Hot Tough', '34x21x25', FALSE),
(41, 22, 'Orange Liquid Tiger', 329.14, 3.12, CURRENT_TIMESTAMP + INTERVAL 1 MONTH, 11.02, 37+1, 'Lorem ipsum dolor sit amet.', 'Used', '/pictures/41w4ktiK.png', 'HXC', 'Saoit', '22x12x23', TRUE),
(42, 22, 'Eternal Alpha', 590.25, 8.44, CURRENT_TIMESTAMP + INTERVAL 1 MONTH, 15.51, 20+1, 'Lorem ipsum dolor sit amet.', 'Refurbished', '/pictures/42hSSebt.png', 'KKT', 'Indigo Sonwarm', '72x57x88', FALSE),
(43, 23, 'Barbaric Venus', 56.53, 1.86, CURRENT_TIMESTAMP + INTERVAL 1 MONTH, 15.98, 35+1, 'Lorem ipsum dolor sit amet.', 'New', '/pictures/43rmjQqF.png', 'XNB', 'Bam-Tech', '34x81x53', TRUE),
(44, 23, 'Timely Knife', 638.09, 2.23, CURRENT_TIMESTAMP + INTERVAL 1 MONTH, 11.14, 43+1, 'Lorem ipsum dolor sit amet.', 'Used', '/pictures/441thRqm.png', 'YUN', 'Transbam', '27x52x65', FALSE),
(45, 24, 'Wild Lion', 814.70, 3.79, CURRENT_TIMESTAMP + INTERVAL 1 MONTH, 11.81, 4+1, 'Lorem ipsum dolor sit amet.', 'Refurbished', '/pictures/45kYvh3e.png', 'SAX', 'Gravestring', '25x11x16', TRUE),
(46, 24, 'Avenue Beacon', 208.16, 4.56, CURRENT_TIMESTAMP + INTERVAL 1 MONTH, 15.85, 13+1, 'Lorem ipsum dolor sit amet.', 'New', '/pictures/468mYWh8.png', 'OST', 'Yearfax', '22x15x28', FALSE),
(47, 25, 'Gutsy Frostbite', 652.25, 5.99, CURRENT_TIMESTAMP + INTERVAL 1 MONTH, 18.82, 46+1, 'Lorem ipsum dolor sit amet.', 'Used', '/pictures/47VmVYxe.png', 'QYZ', 'Sing-Tam', '87x62x11', TRUE),
(48, 25, 'Dreaded Smoke', 976.70, 5.03, CURRENT_TIMESTAMP + INTERVAL 1 MONTH, 16.37, 21+1, 'Lorem ipsum dolor sit amet.', 'Refurbished', '/pictures/48YRvQnW.png', 'GVO', 'Freshing', '36x42x64', FALSE),
(49, 26, 'Fierce Gutsy Moose', 525.54, 8.54, CURRENT_TIMESTAMP + INTERVAL 1 MONTH, 19.61, 44+1, 'Lorem ipsum dolor sit amet.', 'New', '/pictures/49ldITkY.png', 'QXV', 'Medair', '41x76x52', TRUE),
(50, 26, 'Golden Dinosaur', 655.30, 4.09, CURRENT_TIMESTAMP + INTERVAL 1 MONTH, 10.19, 27+1, 'Lorem ipsum dolor sit amet.', 'Used', '/pictures/50bPmonN.png', 'ZIU', 'Freshsoloit', '51x67x77', FALSE),
(51, 27, 'Stormy Leather', 174.69, 8.97, CURRENT_TIMESTAMP + INTERVAL 1 MONTH, 16.93, 28+1, 'Lorem ipsum dolor sit amet.', 'Refurbished', '/pictures/51RynsDZ.png', 'BTE', 'Cofhome', '64x68x88', TRUE),
(52, 27, 'Aberrant Vital Scoreboard', 277.58, 7.82, CURRENT_TIMESTAMP + INTERVAL 1 MONTH, 14.74, 24+1, 'Lorem ipsum dolor sit amet.', 'New', '/pictures/52YsWNkw.png', 'TEK', 'Truefan', '86x27x14', FALSE),
(53, 28, 'Shiny Persistent Lama', 462.92, 5.51, CURRENT_TIMESTAMP + INTERVAL 1 MONTH, 16.95, 31+1, 'Lorem ipsum dolor sit amet.', 'Used', '/pictures/53AvV4B0.png', 'XTD', 'Quadin', '76x53x41', TRUE),
(54, 28, 'Scattered Sunshine', 186.95, 4.11, CURRENT_TIMESTAMP + INTERVAL 1 MONTH, 13.52, 2+1, 'Lorem ipsum dolor sit amet.', 'Refurbished', '/pictures/54LcPEmC.png', 'ZTV', 'Villa Ex', '65x44x86', FALSE),
(55, 29, 'Poseidon Worthy', 583.21, 6.26, CURRENT_TIMESTAMP + INTERVAL 1 MONTH, 11.32, 41+1, 'Lorem ipsum dolor sit amet.', 'New', '/pictures/55QxqPKk.png', 'VNF', 'Bigdom', '17x68x35', TRUE),
(56, 29, 'Microphone Confidential', 687.05, 7.52, CURRENT_TIMESTAMP + INTERVAL 1 MONTH, 14.59, 49+1, 'Lorem ipsum dolor sit amet.', 'Used', '/pictures/567ai7l7.png', 'HTG', 'Touchzumin', '67x38x44', FALSE),
(57, 30, 'Everyday Tungsten', 116.83, 6.35, CURRENT_TIMESTAMP + INTERVAL 1 MONTH, 18.87, 30+1, 'Lorem ipsum dolor sit amet.', 'Refurbished', '/pictures/57CdI1MS.png', 'ERS', 'Air Traxphase', '64x32x86', TRUE),
(58, 30, 'Finger Confidential', 14.74, 2.03, CURRENT_TIMESTAMP + INTERVAL 1 MONTH, 15.31, 20+1, 'Lorem ipsum dolor sit amet.', 'New', '/pictures/58eqzO6s.png', 'QRO', 'Zamex', '11x45x76', FALSE),
(59, 31, 'Straw Moose', 184.35, 1.74, CURRENT_TIMESTAMP + INTERVAL 1 MONTH, 12.58, 30+1, 'Lorem ipsum dolor sit amet.', 'Used', '/pictures/59JcU4Qw.png', 'QUB', 'Sontom', '45x38x18', TRUE),
(60, 31, 'Shower Hungry', 498.87, 7.21, CURRENT_TIMESTAMP + INTERVAL 1 MONTH, 10.48, 14+1, 'Lorem ipsum dolor sit amet.', 'Refurbished', '/pictures/60ftuGjG.png', 'MOT', 'Yearsoltop', '56x57x41', FALSE),
(61, 32, 'Alien Sad Scissors', 361.92, 7.82, CURRENT_TIMESTAMP + INTERVAL 1 MONTH, 19.32, 27+1, 'Lorem ipsum dolor sit amet.', 'New', '/pictures/61vPYvWu.png', 'ZTR', 'Solokaylex', '65x24x56', TRUE),
(62, 32, 'Wooden Haystack', 399.31, 4.84, CURRENT_TIMESTAMP + INTERVAL 1 MONTH, 14.20, 36+1, 'Lorem ipsum dolor sit amet.', 'Used', '/pictures/62wmQJxI.png', 'FAS', 'Domtrax', '88x84x11', FALSE),
(63, 33, 'Hungry Sapphire', 827.22, 8.65, CURRENT_TIMESTAMP + INTERVAL 1 MONTH, 16.67, 17+1, 'Lorem ipsum dolor sit amet.', 'Refurbished', '/pictures/63BOuoHk.png', 'EVL', 'Voyatough', '64x17x65', TRUE),
(64, 33, 'Severe Fist', 598.66, 1.72, CURRENT_TIMESTAMP + INTERVAL 1 MONTH, 14.27, 33+1, 'Lorem ipsum dolor sit amet.', 'New', '/pictures/64tw73gN.png', 'RWH', 'Tin-Tax', '64x37x65', FALSE),
(65, 34, 'Pineapple Skilled', 753.48, 8.97, CURRENT_TIMESTAMP + INTERVAL 1 MONTH, 18.22, 29+1, 'Lorem ipsum dolor sit amet.', 'Used', '/pictures/65wFzJbb.png', 'SOE', 'Rounddex', '25x87x33', TRUE),
(66, 34, 'Ostrich Rusty', 847.50, 1.13, CURRENT_TIMESTAMP + INTERVAL 1 MONTH, 19.63, 29+1, 'Lorem ipsum dolor sit amet.', 'Refurbished', '/pictures/66L8DPaI.png', 'OLO', 'Zathhome', '14x11x36', FALSE),
(67, 35, 'Frostbite Gold', 49.09, 6.84, CURRENT_TIMESTAMP + INTERVAL 1 MONTH, 12.38, 22+1, 'Lorem ipsum dolor sit amet.', 'New', '/pictures/67eeiuLS.png', 'DTQ', 'Movehothold', '33x42x26', TRUE),
(68, 35, 'Empty Strong Parachute', 785.05, 4.44, CURRENT_TIMESTAMP + INTERVAL 1 MONTH, 17.95, 39+1, 'Lorem ipsum dolor sit amet.', 'Used', '/pictures/68i3g4nu.png', 'KDY', 'Silvertex', '85x61x13', FALSE),
(69, 36, 'Tasty Electron', 312.73, 3.43, CURRENT_TIMESTAMP + INTERVAL 1 MONTH, 17.59, 32+1, 'Lorem ipsum dolor sit amet.', 'Refurbished', '/pictures/69wNboBW.png', 'XZF', 'Haycore', '23x76x16', TRUE),
(70, 36, 'Straw Shower', 931.01, 5.62, CURRENT_TIMESTAMP + INTERVAL 1 MONTH, 15.25, 14+1, 'Lorem ipsum dolor sit amet.', 'New', '/pictures/70KtiI50.png', 'CLB', 'Nim-Lab', '46x22x23', FALSE),
(71, 37, 'Northernmost Windshield', 564.25, 2.05, CURRENT_TIMESTAMP + INTERVAL 1 MONTH, 11.59, 23+1, 'Lorem ipsum dolor sit amet.', 'Used', '/pictures/71QcEPLR.png', 'TJR', 'Qvootplus', '82x42x13', TRUE),
(72, 37, 'Heavy Uranium', 420.94, 5.19, CURRENT_TIMESTAMP + INTERVAL 1 MONTH, 19.92, 43+1, 'Lorem ipsum dolor sit amet.', 'Refurbished', '/pictures/72Zt9fXC.png', 'AVK', 'Sunhome', '78x62x36', FALSE),
(73, 38, 'Cheerful Beam', 680.00, 7.89, CURRENT_TIMESTAMP + INTERVAL 1 MONTH, 17.02, 42+1, 'Lorem ipsum dolor sit amet.', 'New', '/pictures/73t1B2Df.png', 'SEI', 'Flexhome', '84x25x54', TRUE),
(74, 38, 'Everyday Arm', 853.25, 1.33, CURRENT_TIMESTAMP + INTERVAL 1 MONTH, 19.70, 23+1, 'Lorem ipsum dolor sit amet.', 'Used', '/pictures/745CIB58.png', 'IAN', 'Inchtouch', '48x13x33', FALSE),
(75, 39, 'Artificial Western', 280.22, 5.18, CURRENT_TIMESTAMP + INTERVAL 1 MONTH, 19.05, 18+1, 'Lorem ipsum dolor sit amet.', 'Refurbished', '/pictures/75sCjJvW.png', 'YOH', 'Konkeytom', '36x55x51', TRUE),
(76, 39, 'Essential Navy Jupiter', 568.86, 3.29, CURRENT_TIMESTAMP + INTERVAL 1 MONTH, 10.10, 19+1, 'Lorem ipsum dolor sit amet.', 'New', '/pictures/765dkHsh.png', 'STO', 'Qvodox', '25x36x21', FALSE),
(77, 40, 'Grotesque Roadrunner', 883.21, 8.06, CURRENT_TIMESTAMP + INTERVAL 1 MONTH, 19.08, 22+1, 'Lorem ipsum dolor sit amet.', 'Used', '/pictures/77MTxxbb.png', 'FNB', 'Sailtolex', '43x51x64', TRUE),
(78, 40, 'Dead Timely Coffin', 85.61, 4.76, CURRENT_TIMESTAMP + INTERVAL 1 MONTH, 18.08, 1+1, 'Lorem ipsum dolor sit amet.', 'Refurbished', '/pictures/78ssYT4l.png', 'GQC', 'Red-Fix', '75x73x22', FALSE),
(79, 41, 'Tidy Lama', 134.93, 4.36, CURRENT_TIMESTAMP + INTERVAL 1 MONTH, 10.96, 30+1, 'Lorem ipsum dolor sit amet.', 'New', '/pictures/79WXEwKY.png', 'COJ', 'Is Fresh', '41x62x63', TRUE),
(80, 41, 'Strong Full Donut', 120.38, 8.90, CURRENT_TIMESTAMP + INTERVAL 1 MONTH, 18.84, 13+1, 'Lorem ipsum dolor sit amet.', 'Used', '/pictures/80Xq6S7J.png', 'JIV', 'Hotbam', '35x33x76', FALSE);

INSERT INTO `product_info`
(`product_id`, `product_seller_id`, `product_info_spec_id`, `product_creation_date`, `product_depletion_date`)
VALUES

-- DRAFTS     = ODD  SPEC IDS --
-- NON DRAFTS = EVEN SPEC IDS --

-- User has products, has drafts --

(1, 1, 1, CURRENT_TIMESTAMP, NULL),
(2, 1, 2, CURRENT_TIMESTAMP, NULL),
(3, 1, 3, CURRENT_TIMESTAMP, NULL),
(4, 1, 4, CURRENT_TIMESTAMP, NULL),
(5, 1, 5, CURRENT_TIMESTAMP, NULL),

(6,  2, 6,  CURRENT_TIMESTAMP, NULL),
(7,  2, 7,  CURRENT_TIMESTAMP, NULL),
(8,  2, 8,  CURRENT_TIMESTAMP, NULL),
(9,  2, 9,  CURRENT_TIMESTAMP, NULL),
(10, 2, 10, CURRENT_TIMESTAMP, NULL),

(11, 3, 11, CURRENT_TIMESTAMP, NULL),
(12, 3, 12, CURRENT_TIMESTAMP, NULL),
(13, 3, 13, CURRENT_TIMESTAMP, NULL),
(14, 3, 14, CURRENT_TIMESTAMP, NULL),
(15, 3, 15, CURRENT_TIMESTAMP, NULL),

(16, 4, 16, CURRENT_TIMESTAMP, NULL),
(17, 4, 17, CURRENT_TIMESTAMP, NULL),
(18, 4, 18, CURRENT_TIMESTAMP, NULL),
(19, 4, 19, CURRENT_TIMESTAMP, NULL),
(20, 4, 20, CURRENT_TIMESTAMP, NULL),

-- User has drafts, no products --

(21, 5, 21, CURRENT_TIMESTAMP, NULL),
(23, 5, 23, CURRENT_TIMESTAMP, NULL),
(25, 5, 25, CURRENT_TIMESTAMP, NULL),
(27, 5, 27, CURRENT_TIMESTAMP, NULL),
(29, 5, 29, CURRENT_TIMESTAMP, NULL),

(31, 6, 31, CURRENT_TIMESTAMP, NULL),
(33, 6, 33, CURRENT_TIMESTAMP, NULL),
(35, 6, 35, CURRENT_TIMESTAMP, NULL),
(37, 6, 37, CURRENT_TIMESTAMP, NULL),
(39, 6, 39, CURRENT_TIMESTAMP, NULL),

(41, 7, 41, CURRENT_TIMESTAMP, NULL),
(43, 7, 43, CURRENT_TIMESTAMP, NULL),
(45, 7, 45, CURRENT_TIMESTAMP, NULL),
(47, 7, 47, CURRENT_TIMESTAMP, NULL),
(49, 7, 49, CURRENT_TIMESTAMP, NULL),

(51, 8, 51, CURRENT_TIMESTAMP, NULL),
(53, 8, 53, CURRENT_TIMESTAMP, NULL),
(55, 8, 55, CURRENT_TIMESTAMP, NULL),
(57, 8, 57, CURRENT_TIMESTAMP, NULL),
(59, 8, 59, CURRENT_TIMESTAMP, NULL),

-- User no drafts, has products --

(22, 9, 22, CURRENT_TIMESTAMP, NULL),
(24, 9, 24, CURRENT_TIMESTAMP, NULL),
(26, 9, 26, CURRENT_TIMESTAMP, NULL),
(28, 9, 28, CURRENT_TIMESTAMP, NULL),
(30, 9, 30, CURRENT_TIMESTAMP, NULL),

(32, 10, 32, CURRENT_TIMESTAMP, NULL),
(34, 10, 34, CURRENT_TIMESTAMP, NULL),
(36, 10, 36, CURRENT_TIMESTAMP, NULL),
(38, 10, 38, CURRENT_TIMESTAMP, NULL),
(40, 10, 40, CURRENT_TIMESTAMP, NULL),

(42, 11, 42, CURRENT_TIMESTAMP, NULL),
(44, 11, 44, CURRENT_TIMESTAMP, NULL),
(46, 11, 46, CURRENT_TIMESTAMP, NULL),
(48, 11, 48, CURRENT_TIMESTAMP, NULL),
(50, 11, 50, CURRENT_TIMESTAMP, NULL),

(52, 12, 52, CURRENT_TIMESTAMP, NULL),
(54, 12, 54, CURRENT_TIMESTAMP, NULL),
(56, 12, 56, CURRENT_TIMESTAMP, NULL),
(58, 12, 58, CURRENT_TIMESTAMP, NULL),
(60, 12, 60, CURRENT_TIMESTAMP, NULL),

-- User has products, has drafts, again --

(61, 13, 61, CURRENT_TIMESTAMP, NULL),
(62, 13, 62, CURRENT_TIMESTAMP, NULL),
(63, 13, 63, CURRENT_TIMESTAMP, NULL),
(64, 13, 64, CURRENT_TIMESTAMP, NULL),
(65, 13, 65, CURRENT_TIMESTAMP, NULL),
(66, 13, 66, CURRENT_TIMESTAMP, NULL),
(67, 13, 67, CURRENT_TIMESTAMP, NULL),
(68, 13, 68, CURRENT_TIMESTAMP, NULL),
(69, 13, 69, CURRENT_TIMESTAMP, NULL),
(70, 13, 70, CURRENT_TIMESTAMP, NULL),

(71, 14, 71, CURRENT_TIMESTAMP, NULL),
(72, 14, 72, CURRENT_TIMESTAMP, NULL),
(73, 14, 73, CURRENT_TIMESTAMP, NULL),
(74, 14, 74, CURRENT_TIMESTAMP, NULL),
(75, 14, 75, CURRENT_TIMESTAMP, NULL),
(76, 14, 76, CURRENT_TIMESTAMP, NULL),
(77, 14, 77, CURRENT_TIMESTAMP, NULL),
(78, 14, 78, CURRENT_TIMESTAMP, NULL),
(79, 14, 79, CURRENT_TIMESTAMP, NULL),
(80, 14, 80, CURRENT_TIMESTAMP, NULL);

-- User 15: no products, no drafts --


INSERT INTO `product_drafts`
(`product_draft_user_id`, `product_draft_spec_id`, `product_draft_creation_date`, `product_draft_update_date`, `product_draft_closed_date`)
VALUES
(1, 1, CURRENT_TIMESTAMP, NULL, NULL),
(1, 3, CURRENT_TIMESTAMP, NULL, NULL),
(1, 5, CURRENT_TIMESTAMP, NULL, NULL),

(2, 7, CURRENT_TIMESTAMP, NULL, NULL),
(2, 9, CURRENT_TIMESTAMP, NULL, NULL),

(3, 11, CURRENT_TIMESTAMP, NULL, NULL),
(3, 13, CURRENT_TIMESTAMP, NULL, NULL),
(3, 15, CURRENT_TIMESTAMP, NULL, NULL),

(4, 17, CURRENT_TIMESTAMP, NULL, NULL),
(4, 19, CURRENT_TIMESTAMP, NULL, NULL),

(5, 21, CURRENT_TIMESTAMP, NULL, NULL),
(5, 23, CURRENT_TIMESTAMP, NULL, NULL),
(5, 25, CURRENT_TIMESTAMP, NULL, NULL),
(5, 27, CURRENT_TIMESTAMP, NULL, NULL),
(5, 29, CURRENT_TIMESTAMP, NULL, NULL),

(6, 31, CURRENT_TIMESTAMP, NULL, NULL),
(6, 33, CURRENT_TIMESTAMP, NULL, NULL),
(6, 35, CURRENT_TIMESTAMP, NULL, NULL),
(6, 37, CURRENT_TIMESTAMP, NULL, NULL),
(6, 39, CURRENT_TIMESTAMP, NULL, NULL),

(7, 41, CURRENT_TIMESTAMP, NULL, NULL),
(7, 43, CURRENT_TIMESTAMP, NULL, NULL),
(7, 45, CURRENT_TIMESTAMP, NULL, NULL),
(7, 47, CURRENT_TIMESTAMP, NULL, NULL),
(7, 49, CURRENT_TIMESTAMP, NULL, NULL),

(8, 51, CURRENT_TIMESTAMP, NULL, NULL),
(8, 53, CURRENT_TIMESTAMP, NULL, NULL),
(8, 55, CURRENT_TIMESTAMP, NULL, NULL),
(8, 57, CURRENT_TIMESTAMP, NULL, NULL),
(8, 59, CURRENT_TIMESTAMP, NULL, NULL),

(13, 61, CURRENT_TIMESTAMP, NULL, NULL),
(13, 63, CURRENT_TIMESTAMP, NULL, NULL),
(13, 65, CURRENT_TIMESTAMP, NULL, NULL),
(13, 67, CURRENT_TIMESTAMP, NULL, NULL),
(13, 69, CURRENT_TIMESTAMP, NULL, NULL),

(14, 71, CURRENT_TIMESTAMP, NULL, NULL),
(14, 73, CURRENT_TIMESTAMP, NULL, NULL),
(14, 75, CURRENT_TIMESTAMP, NULL, NULL),
(14, 77, CURRENT_TIMESTAMP, NULL, NULL),
(14, 79, CURRENT_TIMESTAMP, NULL, NULL);

INSERT INTO `product_quantity_record`
(`product_quantity_spec_id`, `product_quantity_remaining`)
VALUES
-- First Row ODD NUMBERS = DRAFT --
-- Second Row EVEN NUMBERS = NON-DRAFT--
(1, 13+1),
(2, 15+1),
(3, 42+1),
(4, 35+1),
(5, 46+1),
(6, 7+1),
(7, 2+1),
(8, 2+1),
(9, 7+1),
(10, 10+1),
(11, 25+1),
(12, 2+1),
(13, 4+1),
(14, 5+1),
(15, 41+1),
(16, 2+1),
(17, 1+1),
(18, 8+1),
(19, 17+1),
(20, 2+1),
(21, 20+1),
(22, 22+1),
(23, 21+1),
(24, 3+1),
(25, 20+1),
(26, 30+1),
(27, 32+1),
(28, 11+1),
(29, 15+1),
(30, 14+1),
(31, 49+1),
(32, 5+1),
(33, 4+1),
(34, 28+1),
(35, 37+1),
(36, 6+1),
(37, 32+1),
(38, 22+1),
(39, 46+1),
(40, 33+1),
(41, 37+1),
(42, 4+1),
(43, 35+1),
(44, 40+1),
(45, 4+1),
(46, 3+1),
(47, 46+1),
(48, 19+1),
(49, 44+1),
(50, 22+1),
(51, 28+1),
(52, 4+1),
(53, 31+1),
(54, 1+1),
(55, 41+1),
(56, 9+1),
(57, 30+1),
(58, 18+1),
(59, 30+1),
(60, 12+1),
(61, 27+1),
(62, 28+1),
(63, 17+1),
(64, 13+1),
(65, 29+1),
(66, 23+1),
(67, 22+1),
(68, 2+1),
(69, 32+1),
(70, 4+1),
(71, 23+1),
(72, 12+1),
(73, 42+1),
(74, 14+1),
(75, 18+1),
(76, 10+1),
(77, 22+1),
(78, 1+1),
(79, 30+1),
(80, 7+1);

INSERT INTO `product_transaction_history`
(`product_transaction_product_id`, `product_transaction_quantity`, `product_transaction_date`)
VALUES
(2, 21, CURRENT_TIMESTAMP),
(4, 3, CURRENT_TIMESTAMP),
(6, 13, CURRENT_TIMESTAMP),
(8, 44, CURRENT_TIMESTAMP),
(10, 39, CURRENT_TIMESTAMP),
(12, 2, CURRENT_TIMESTAMP),
(14, 5, CURRENT_TIMESTAMP),
(16, 7, CURRENT_TIMESTAMP),
(18, 32, CURRENT_TIMESTAMP),
(20, 5, CURRENT_TIMESTAMP),
(22, 1, CURRENT_TIMESTAMP),
(24, 4, CURRENT_TIMESTAMP),
(26, 1, CURRENT_TIMESTAMP),
(28, 15, CURRENT_TIMESTAMP),
(30, 1, CURRENT_TIMESTAMP),
(32, 11, CURRENT_TIMESTAMP),
(34, 4, CURRENT_TIMESTAMP),
(36, 38, CURRENT_TIMESTAMP),
(38, 26, CURRENT_TIMESTAMP),
(40, 5, CURRENT_TIMESTAMP),
(42, 16, CURRENT_TIMESTAMP),
(44, 3, CURRENT_TIMESTAMP),
(46, 10, CURRENT_TIMESTAMP),
(48, 2, CURRENT_TIMESTAMP),
(50, 5, CURRENT_TIMESTAMP),
(52, 20, CURRENT_TIMESTAMP),
(54, 1, CURRENT_TIMESTAMP),
(56, 40, CURRENT_TIMESTAMP),
(58, 2, CURRENT_TIMESTAMP),
(60, 2, CURRENT_TIMESTAMP),
(62, 8, CURRENT_TIMESTAMP),
(64, 20, CURRENT_TIMESTAMP),
(66, 6, CURRENT_TIMESTAMP),
(68, 37, CURRENT_TIMESTAMP),
(70, 10, CURRENT_TIMESTAMP),
(72, 31, CURRENT_TIMESTAMP),
(74, 9, CURRENT_TIMESTAMP),
(76, 9, CURRENT_TIMESTAMP),
-- product 78 hasn't been sold once --
(80, 6, CURRENT_TIMESTAMP);

INSERT INTO `question_history`
(`question_content`)
VALUES
('What was your childhood nickname?'),
('What is the name of your favorite childhood friend?'),
('Where were you when you had your first kiss?'),
('In what city does your nearest sibling live?'),
('What is your maternal grandmother\'s maiden name?'),
('In what city or town was your first job?'),
('What was your dream job as a child?'),
('What is the name of the company of your first job?'),
('Who was your childhood hero?');

INSERT INTO `question_answer_history`
(`answer_question_id`, `answer_user_id`, `answer_content`, `answer_status`)
VALUES
(1, 1, 'Pincho', TRUE),
(2, 1, 'Manuel', TRUE),
(3, 1, 'Humacao', TRUE),
(4, 1, 'San Juan', FALSE),
(5, 1, 'Rosa', FALSE),
(6, 2, 'Carolina', TRUE),
(7, 2, 'Doctor', TRUE),
(8, 2, 'Pollos Ahumados Inc.', TRUE),
(9, 2, 'Green Lantern', FALSE),
(1, 2, 'TresPote', FALSE),
(2, 3, 'Juan', TRUE),
(3, 3, 'Texas', TRUE),
(4, 3, 'Florida', TRUE),
(5, 3, 'Pulga', FALSE),
(6, 3, 'Barceloneta', FALSE),
(7, 4, 'Scientist', TRUE),
(8, 4, 'Carnes Adobadas Org.', TRUE),
(9, 4, 'SuperMan', TRUE),
(1, 4, 'Canoa', FALSE),
(2, 4, 'Arturo', FALSE),
(3, 5, 'Europe', TRUE),
(4, 5, 'Jersey City', TRUE),
(5, 5, 'Espada', TRUE),
(6, 5, 'Cayey', FALSE),
(7, 5, 'Athlete', FALSE),
(8, 6, 'Limpia Techos Inc.', TRUE),
(9, 6, 'Mami', TRUE),
(1, 6, 'Bimbo', TRUE),
(2, 6, 'Sonia', FALSE),
(3, 6, 'Norway', FALSE),
(4, 7, 'Tucson', TRUE),
(5, 7, 'Sotomayor', TRUE),
(6, 7, 'Guayama', TRUE),
(7, 7, 'FireFighter', FALSE),
(8, 7, 'Pollos Hermanos Inc.', FALSE),
(9, 8, 'Papi', TRUE),
(1, 8, 'Caramelo', TRUE),
(2, 8, 'Linda', TRUE),
(3, 8, 'England', FALSE),
(4, 8, 'Mountain View', FALSE),
(5, 9, 'Feliciano', TRUE),
(6, 9, 'Hormigueros', TRUE),
(7, 9, 'Judge', TRUE),
(8, 9, 'Limpia Zapatos Org.', FALSE),
(9, 9, 'Hulk', FALSE),
(1, 10, 'Pelua', TRUE),
(2, 10, 'Victor', TRUE),
(3, 10, 'Nigeria', TRUE),
(4, 10, 'Canada', FALSE),
(5, 10, 'Joan', FALSE),
(6, 11, 'Canovanas', TRUE),
(7, 11, 'PoliceMan', TRUE),
(8, 11, 'Pinchos, Aguacates y Algo Mas Inc.', TRUE),
(9, 11, 'Batman', FALSE),
(1, 11, 'Pancho', FALSE),
(2, 12, 'Kimberly', TRUE),
(3, 12, 'Fajardo', TRUE),
(4, 12, 'Russia', TRUE),
(5, 12, 'Mestizos', FALSE),
(6, 12, 'Dorado', FALSE),
(7, 13, 'Janitor', TRUE),
(8, 13, 'Cerdos Online Inc.', TRUE),
(9, 13, 'IronMan', TRUE),
(1, 13, 'Noticia', FALSE),
(2, 13, 'Maria', FALSE),
(3, 14, 'Mayaguez', TRUE),
(4, 14, 'Japan', TRUE),
(5, 14, 'Cerveceros', TRUE),
(6, 14, 'Aguadilla', FALSE),
(7, 14, 'CEO', FALSE),
(8, 15, 'Cerveza Fria Org.', TRUE),
(9, 15, 'Manuel Rodriguez', TRUE),
(1, 15, 'Pepe', TRUE),
(2, 15, 'Jose', FALSE),
(3, 15, 'Ponce', FALSE);

INSERT INTO `payment_history`
(`payment_id`, `payment_sender_user_id`, `payment_recipient_user_id`, `payment_amount`, `payment_method`, `payment_card_id`, `payment_bank_id`, `payment_transaction_time`, `payment_is_finished`)
VALUES
(1, 1, 2, '8741.33', 'Bank', NULL, 1, CURRENT_TIMESTAMP, FALSE),
(2, 1, 11, '3276.50', 'Bank', NULL, 1, CURRENT_TIMESTAMP, FALSE),
(3, 1, 12, '5551.60', 'Bank', NULL, 1, CURRENT_TIMESTAMP, FALSE),
(4, 2, 1, '20235.60', 'Card', 7, NULL, CURRENT_TIMESTAMP, FALSE),
(5, 2, 11, '1953.40', 'Card', 7, NULL, CURRENT_TIMESTAMP, FALSE),
(6, 2, 12, '186.95', 'Card', 7, NULL, CURRENT_TIMESTAMP, FALSE),
(7, 2, 1, '963.60', 'Card', 7, NULL, CURRENT_TIMESTAMP, FALSE),
(8, 3, 1, '823.95', 'Bank', NULL, 9, CURRENT_TIMESTAMP, FALSE),
(9, 3, 11, '2081.60', 'Bank', NULL, 9, CURRENT_TIMESTAMP, FALSE),
(10, 3, 12, '27482.00', 'Bank', NULL, 9, CURRENT_TIMESTAMP, FALSE),
(11, 4, 11, '1914.27', 'Card', 13, NULL, CURRENT_TIMESTAMP, FALSE),
(12, 4, 12, '29.48', 'Card', 13, NULL, CURRENT_TIMESTAMP, FALSE),
(13, 5, 2, '6790.96', 'Bank', NULL, 18, CURRENT_TIMESTAMP, FALSE),
(14, 5, 10, '1961.40', 'Bank', NULL, 18, CURRENT_TIMESTAMP, FALSE),
(15, 5, 12, '997.74', 'Bank', NULL, 18, CURRENT_TIMESTAMP, FALSE),
(16, 6, 2, '12072.84', 'Card', 24, NULL, CURRENT_TIMESTAMP, FALSE),
(17, 6, 10, '23245.82', 'Card', 24, NULL, CURRENT_TIMESTAMP, FALSE),
(18, 6, 13, '3194.48', 'Card', 24, NULL, CURRENT_TIMESTAMP, FALSE),
(19, 7, 3, '1023.84', 'Bank', NULL, 26, CURRENT_TIMESTAMP, FALSE),
(20, 7, 10, '3085.60', 'Bank', NULL, 26, CURRENT_TIMESTAMP, FALSE),
(21, 7, 13, '11973.20', 'Bank', NULL, 26, CURRENT_TIMESTAMP, FALSE),
(22, 8, 3, '2301.35', 'Card', 31, NULL, CURRENT_TIMESTAMP, FALSE),
(23, 8, 10, '421.68', 'Card', 31, NULL, CURRENT_TIMESTAMP, FALSE),
(24, 8, 13, '5085.00', 'Card', 31, NULL, CURRENT_TIMESTAMP, FALSE),
(25, 9, 4, '4162.62', 'Bank', NULL, 33, CURRENT_TIMESTAMP, FALSE),
(26, 9, 10, '2476.76', 'Bank', NULL, 33, CURRENT_TIMESTAMP, FALSE),
(27, 9, 13, '29046.85', 'Bank', NULL, 33, CURRENT_TIMESTAMP, FALSE),
(28, 10, 4, '31468.48', 'Card', 37, NULL, CURRENT_TIMESTAMP, FALSE),
(29, 10, 11, '9444.00', 'Card', 37, NULL, CURRENT_TIMESTAMP, FALSE),
(30, 10, 13, '9310.10', 'Card', 37, NULL, CURRENT_TIMESTAMP, FALSE),
(31, 10, 14, '722.28', 'Card', 37, NULL, CURRENT_TIMESTAMP, FALSE),
(32, 11, 4, '270.45', 'Bank', NULL, 41, CURRENT_TIMESTAMP, FALSE),
(33, 11, 9, '605.18', 'Bank', NULL, 41, CURRENT_TIMESTAMP, FALSE),
(34, 11, 14, '13049.14', 'Bank', NULL, 41, CURRENT_TIMESTAMP, FALSE),
(35, 11, 14, '5119.74', 'Bank', NULL, 41, CURRENT_TIMESTAMP, FALSE),
(36, 13, 9, '201.12', 'Bank', NULL, 50, CURRENT_TIMESTAMP, FALSE),
(37, 13, 9, '9192.60', 'Bank', NULL, 50, CURRENT_TIMESTAMP, FALSE),
(38, 13, 14, '7679.25', 'Bank', NULL, 50, CURRENT_TIMESTAMP, FALSE),
(39, 14, 9, '2196.68', 'Card', 56, NULL, CURRENT_TIMESTAMP, FALSE),
(40, 14, 9, '375.73', 'Card', 56, NULL, CURRENT_TIMESTAMP, FALSE);


INSERT INTO `bid_history`
(`bid_user_id`, `bid_product_id`, `bid_amount`, `bid_creation_date`, `bid_closed_date`)
VALUES

-- USER CANNOT BID ON ITS OWN PRODUCT (I'm comparing from other tables) --

-- (TODO) MINIMUM BID = BID STARTING PRICE + 1.00, NOT + 5.00, FIX ON CLIENT

-- some use cases --

-- users 3, 4, 5, 6 bid on product 2 from user 1 --
(3, 2, 11.93, CURRENT_TIMESTAMP, NULL),
(4, 2, 36.43, CURRENT_TIMESTAMP, NULL),
(5, 2, 68.73, CURRENT_TIMESTAMP, NULL),
(6, 2, 94.66, CURRENT_TIMESTAMP, NULL),

-- users 7, 8, 9 bid on product 4 from user 1 --
(7, 4, 23.78, CURRENT_TIMESTAMP, NULL),
(8, 4, 41.11, CURRENT_TIMESTAMP, NULL),
(9, 4, 68.23, CURRENT_TIMESTAMP, NULL),

-- user 1 bids twice on product 6 from user 2 --
(1, 6, 61.91, CURRENT_TIMESTAMP, NULL),
(1, 6, 64.37, CURRENT_TIMESTAMP, NULL),

-- user 1 bids once and user 3 bids twice on product 8 from user 2 --
(1, 8, 68.32, CURRENT_TIMESTAMP, NULL),
(3, 8, 93.91, CURRENT_TIMESTAMP, NULL),
(3, 8, 97.23, CURRENT_TIMESTAMP, NULL),

-- user 10 bids once on product 10 from user 2 --
(10, 10, 11.77, CURRENT_TIMESTAMP, NULL),

-- users 2, 10 bid twice in competition on product 12 from user 3 --
(2,  12, 38.47, CURRENT_TIMESTAMP, NULL),
(10, 12, 51.00, CURRENT_TIMESTAMP, NULL),
(2,  12, 74.56, CURRENT_TIMESTAMP, NULL),
(10, 12, 89.99, CURRENT_TIMESTAMP, NULL),

-- users 1, 2, 4, 7, 8 bid in competition on product 14 from user 3 --
(1, 14, 15.00, CURRENT_TIMESTAMP, NULL),
(2, 14, 17.00, CURRENT_TIMESTAMP, NULL),
(4, 14, 19.00, CURRENT_TIMESTAMP, NULL),
(7, 14, 23.00, CURRENT_TIMESTAMP, NULL),
(8, 14, 26.00, CURRENT_TIMESTAMP, NULL),
(1, 14, 30.00, CURRENT_TIMESTAMP, NULL),
(4, 14, 60.00, CURRENT_TIMESTAMP, NULL),
(8, 14, 90.00, CURRENT_TIMESTAMP, NULL),

-- user 3 bids minimum in product 16 from user 4 --
(3, 16, 3.62, CURRENT_TIMESTAMP, NULL),

-- general users bidding on products --
(1, 18, 19.11, CURRENT_TIMESTAMP, NULL), -- user 4 --
(1, 18, 65.46, CURRENT_TIMESTAMP, NULL),
(2, 20, 39.39, CURRENT_TIMESTAMP, NULL), -- user 4 --
(2, 20, 89.45, CURRENT_TIMESTAMP, NULL),
(3, 22, 69.99, CURRENT_TIMESTAMP, NULL), -- user 9 --
(4, 22, 97.21, CURRENT_TIMESTAMP, NULL),
(5, 24, 75.23, CURRENT_TIMESTAMP, NULL), -- user 9 --
(6, 24, 76.67, CURRENT_TIMESTAMP, NULL),
(7, 26, 27.11, CURRENT_TIMESTAMP, NULL), -- user 9 --
(8, 26, 95.06, CURRENT_TIMESTAMP, NULL),
(10, 28, 11.28, CURRENT_TIMESTAMP, NULL), -- user 9 --
(11, 28, 53.49, CURRENT_TIMESTAMP, NULL),
(12, 30, 10.08, CURRENT_TIMESTAMP, NULL), -- user 9 --
(13, 30, 77.45, CURRENT_TIMESTAMP, NULL),
(13, 32, 34.64, CURRENT_TIMESTAMP, NULL), -- user 10 --
(13, 32, 74.57, CURRENT_TIMESTAMP, NULL),
(12, 34, 22.30, CURRENT_TIMESTAMP, NULL), -- user 10 --
(12, 34, 65.47, CURRENT_TIMESTAMP, NULL),
(11, 36, 29.44, CURRENT_TIMESTAMP, NULL), -- user 10 --
(11, 36, 91.39, CURRENT_TIMESTAMP, NULL),
(9, 38, 50.87, CURRENT_TIMESTAMP, NULL), -- user 10 --
(8, 38, 59.26, CURRENT_TIMESTAMP, NULL),
(7, 40, 32.62, CURRENT_TIMESTAMP, NULL), -- user 10 --
(6, 40, 33.34, CURRENT_TIMESTAMP, NULL),
(5, 42, 48.72, CURRENT_TIMESTAMP, NULL), -- user 11 --
(4, 42, 99.60, CURRENT_TIMESTAMP, NULL),
(3, 44, 15.95, CURRENT_TIMESTAMP, NULL), -- user 11 --
(2, 44, 64.50, CURRENT_TIMESTAMP, NULL),
(1, 46, 15.95, CURRENT_TIMESTAMP, NULL), -- user 11 --
(2, 46, 34.51, CURRENT_TIMESTAMP, NULL),
(3, 48, 30.79, CURRENT_TIMESTAMP, NULL), -- user 11 --
(4, 48, 64.80, CURRENT_TIMESTAMP, NULL),
(5, 50, 54.37, CURRENT_TIMESTAMP, NULL), -- user 11 --
(6, 50, 54.75, CURRENT_TIMESTAMP, NULL),
(7, 52, 12.63, CURRENT_TIMESTAMP, NULL), -- user 12 --
(8, 52, 94.00, CURRENT_TIMESTAMP, NULL),
(9, 54, 45.66, CURRENT_TIMESTAMP, NULL), -- user 12 --
(10, 54, 49.20, CURRENT_TIMESTAMP, NULL),
(11, 56, 61.90, CURRENT_TIMESTAMP, NULL), -- user 12 --
(11, 56, 62.16, CURRENT_TIMESTAMP, NULL),

-- no bids on product 58,60 --
-- (, 58, 36.50, CURRENT_TIMESTAMP, NULL), -- user 12 --
-- (, 58, 77.59, CURRENT_TIMESTAMP, NULL), --
-- (, 60, 36.32, CURRENT_TIMESTAMP, NULL), -- user 12 --
-- (, 60, 85.81, CURRENT_TIMESTAMP, NULL), --

(12, 62, 83.71, CURRENT_TIMESTAMP, NULL), -- user 13 --
(12, 62, 94.65, CURRENT_TIMESTAMP, NULL),
(11, 64, 15.85, CURRENT_TIMESTAMP, NULL), -- user 13 --
(11, 64, 78.31, CURRENT_TIMESTAMP, NULL),
(10, 66, 28.31, CURRENT_TIMESTAMP, NULL), -- user 13 --
(10, 66, 82.83, CURRENT_TIMESTAMP, NULL),

-- no bids on product 68,70 --
-- (, 68, 12.76, CURRENT_TIMESTAMP, NULL), -- user 13 --
-- (, 68, 51.56, CURRENT_TIMESTAMP, NULL), --
-- (, 70, 16.62, CURRENT_TIMESTAMP, NULL), -- user 13 --
-- (, 70, 54.84, CURRENT_TIMESTAMP, NULL), --

(13, 72, 59.49, CURRENT_TIMESTAMP, NULL), -- user 14 --
(13, 72, 99.94, CURRENT_TIMESTAMP, NULL),
(10, 74, 26.71, CURRENT_TIMESTAMP, NULL), -- user 14 --
(11, 74, 67.81, CURRENT_TIMESTAMP, NULL),
(12, 76, 75.26, CURRENT_TIMESTAMP, NULL), -- user 14 --
(13, 76, 82.94, CURRENT_TIMESTAMP, NULL);

-- no bids on product 78,80 --
-- (, 78, 18.09, CURRENT_TIMESTAMP, NULL), -- user 14 --
-- (, 78, 65.94, CURRENT_TIMESTAMP, NULL), --
-- (, 80, 51.72, CURRENT_TIMESTAMP, NULL), -- user 14 --
-- (, 80, 65.48, CURRENT_TIMESTAMP, NULL); --

-- user 14 didn't do any bids --
-- user 15 is not selling any product nor doing bids --

INSERT INTO `cart_history`
(`cart_id`, `cart_user_id`, `cart_closed_date`)
VALUES
(1, 1, NULL),
(2, 2, NULL),
(3, 3, NULL),
(4, 4, NULL),
(5, 5, NULL),
(6, 6, NULL),
(7, 7, NULL),
(8, 8, NULL),
(9, 9, NULL),
(10, 10, NULL),
(11, 11, NULL),
(12, 12, NULL),
(13, 13, NULL),
(14, 14, NULL),
(15, 15, NULL);

INSERT INTO `cart_item_history`
(`cart_item_cart_id`, `cart_item_product_id`, `cart_item_quantity`, `cart_item_is_bid_Item`, `cart_item_creation_date`, `cart_item_purchased_date`, `cart_item_closed_date`)
VALUES
-- user 1 products --
(5, 2, 5, FALSE, CURRENT_TIMESTAMP, NULL, NULL),
(3, 4, 11, FALSE, CURRENT_TIMESTAMP, NULL, NULL),

-- user 2 products --
(9, 6, 2, FALSE, CURRENT_TIMESTAMP, NULL, NULL),
(3, 10, 3, FALSE, CURRENT_TIMESTAMP, NULL, NULL),

-- user 3 products --
(1, 14, 1, FALSE, CURRENT_TIMESTAMP, NULL, NULL),

-- user 4 products --
(5, 18, 2, FALSE, CURRENT_TIMESTAMP, NULL, NULL),

-- user 9 products --
(3, 22, 7, FALSE, CURRENT_TIMESTAMP, NULL, NULL),
(15, 24, 1, FALSE, CURRENT_TIMESTAMP, NULL, NULL),
(7, 26, 10, FALSE, CURRENT_TIMESTAMP, NULL, NULL),
(1, 28, 3, FALSE, CURRENT_TIMESTAMP, NULL, NULL),

-- user 10 products --
(5, 30, 4, FALSE, CURRENT_TIMESTAMP, NULL, NULL),
(11, 32, 1, FALSE, CURRENT_TIMESTAMP, NULL, NULL),
(3, 34, 9, FALSE, CURRENT_TIMESTAMP, NULL, NULL),
(7, 36, 2, FALSE, CURRENT_TIMESTAMP, NULL, NULL),
(13, 38, 7, FALSE, CURRENT_TIMESTAMP, NULL, NULL),
(1, 40, 11, FALSE, CURRENT_TIMESTAMP, NULL, NULL),

-- user 11 products --
(15, 42, 1, FALSE, CURRENT_TIMESTAMP, NULL, NULL),
(1, 44, 13, FALSE, CURRENT_TIMESTAMP, NULL, NULL),
(7, 46, 1, FALSE, CURRENT_TIMESTAMP, NULL, NULL),
(3, 48, 6, FALSE, CURRENT_TIMESTAMP, NULL, NULL),
(13, 50, 7, FALSE, CURRENT_TIMESTAMP, NULL, NULL),

-- user 12 products --
(11, 52, 1, FALSE, CURRENT_TIMESTAMP, NULL, NULL),
(3, 56, 3, FALSE, CURRENT_TIMESTAMP, NULL, NULL),
(7, 58, 6, FALSE, CURRENT_TIMESTAMP, NULL, NULL),
(1, 60, 4, FALSE, CURRENT_TIMESTAMP, NULL, NULL),

-- user 13 products --
(9, 62, 9, FALSE, CURRENT_TIMESTAMP, NULL, NULL),
(5, 64, 4, FALSE, CURRENT_TIMESTAMP, NULL, NULL),
(11, 66, 7, FALSE, CURRENT_TIMESTAMP, NULL, NULL),

-- user 14 products --
(5, 70, 1, FALSE, CURRENT_TIMESTAMP, NULL, NULL),
(9, 72, 4, FALSE, CURRENT_TIMESTAMP, NULL, NULL),
(3, 74, 4, FALSE, CURRENT_TIMESTAMP, NULL, NULL),
(7, 76, 3, FALSE, CURRENT_TIMESTAMP, NULL, NULL),
(1, 80, 2, FALSE, CURRENT_TIMESTAMP, NULL, NULL);

INSERT INTO `recently_viewed_items`
(`recently_viewed_user_id`, `recently_viewed_product_id`, `recently_viewed_date`)
VALUES
-- 1 - 5 --
(1, 21, CURRENT_TIMESTAMP),
(1, 78, CURRENT_TIMESTAMP),
(1, 22, CURRENT_TIMESTAMP),
(1, 72, CURRENT_TIMESTAMP),
(1, 13, CURRENT_TIMESTAMP),
-- 6 - 10 --
(2, 73, CURRENT_TIMESTAMP),
(2, 72, CURRENT_TIMESTAMP),
(2, 21, CURRENT_TIMESTAMP),
(2, 62, CURRENT_TIMESTAMP),
(2, 36, CURRENT_TIMESTAMP),
-- 11 - 15 --
(3, 29, CURRENT_TIMESTAMP),
(3, 16, CURRENT_TIMESTAMP),
(3, 76, CURRENT_TIMESTAMP),
(3, 7,  CURRENT_TIMESTAMP),
(3, 40, CURRENT_TIMESTAMP),
-- 16 - 20 --
(4, 38, CURRENT_TIMESTAMP),
(4, 58, CURRENT_TIMESTAMP),
(4, 45, CURRENT_TIMESTAMP),
(4, 59, CURRENT_TIMESTAMP),
(4, 65, CURRENT_TIMESTAMP),
-- 21, 23, 25, 27, 29 --
(5, 62, CURRENT_TIMESTAMP),
(5, 19, CURRENT_TIMESTAMP),
(5, 79, CURRENT_TIMESTAMP),
(5, 37, CURRENT_TIMESTAMP),
(5, 17, CURRENT_TIMESTAMP),
-- 31, 33, 35, 37, 39 --
(6, 67, CURRENT_TIMESTAMP),
(6, 58, CURRENT_TIMESTAMP),
(6, 19, CURRENT_TIMESTAMP),
(6, 29, CURRENT_TIMESTAMP),
(6, 68, CURRENT_TIMESTAMP),
-- 41, 43, 45, 47, 49 --
(7, 39, CURRENT_TIMESTAMP),
(7, 38, CURRENT_TIMESTAMP),
(7, 50, CURRENT_TIMESTAMP),
(7, 21, CURRENT_TIMESTAMP),
(7, 74, CURRENT_TIMESTAMP),
-- 51, 53, 55, 57, 59 --
(8, 48, CURRENT_TIMESTAMP),
(8, 21, CURRENT_TIMESTAMP),
(8, 19, CURRENT_TIMESTAMP),
(8, 7,  CURRENT_TIMESTAMP),
(8, 68, CURRENT_TIMESTAMP),
-- 22, 24, 26, 28, 30 --
(9, 18, CURRENT_TIMESTAMP),
(9, 69, CURRENT_TIMESTAMP),
(9, 23, CURRENT_TIMESTAMP),
(9, 75, CURRENT_TIMESTAMP),
(9, 17, CURRENT_TIMESTAMP),
-- 32, 34, 36, 38, 40 --
(10, 39, CURRENT_TIMESTAMP),
(10, 51, CURRENT_TIMESTAMP),
(10, 66, CURRENT_TIMESTAMP),
(10, 37, CURRENT_TIMESTAMP),
(10, 20, CURRENT_TIMESTAMP),
-- 42, 44, 46, 48, 50 --
(11, 47, CURRENT_TIMESTAMP),
(11, 70, CURRENT_TIMESTAMP),
(11, 43, CURRENT_TIMESTAMP),
(11, 5,  CURRENT_TIMESTAMP),
(11, 28, CURRENT_TIMESTAMP),
-- 52, 54, 56, 58, 60 --
(12, 65, CURRENT_TIMESTAMP),
(12, 44, CURRENT_TIMESTAMP),
(12, 1,  CURRENT_TIMESTAMP),
(12, 48, CURRENT_TIMESTAMP),
(12, 42, CURRENT_TIMESTAMP),
-- 61 - 70 --
(13, 36, CURRENT_TIMESTAMP),
(13, 39, CURRENT_TIMESTAMP),
(13, 2,  CURRENT_TIMESTAMP),
(13, 4,  CURRENT_TIMESTAMP),
(13, 22, CURRENT_TIMESTAMP),
-- 71 - 80 --
(14, 57, CURRENT_TIMESTAMP),
(14, 7,  CURRENT_TIMESTAMP),
(14, 43, CURRENT_TIMESTAMP),
(14, 67, CURRENT_TIMESTAMP),
(14, 61, CURRENT_TIMESTAMP);

-- user 15 hasn't browsed anything --
-- (15, 65, CURRENT_TIMESTAMP),
-- (15, 55, CURRENT_TIMESTAMP),
-- (15, 1,  CURRENT_TIMESTAMP),
-- (15, 30, CURRENT_TIMESTAMP),
-- (15, 42, CURRENT_TIMESTAMP);
INSERT INTO `notification_history`
(`notification_user_id`, `notification_message`, `notification_date`, `notification_is_read`)
VALUES
(1, 'Lorem', CURRENT_TIMESTAMP, FALSE),
(1, 'Lorem ipsum dolor', CURRENT_TIMESTAMP, TRUE),
(1, 'Lorem ipsum dolor', CURRENT_TIMESTAMP, FALSE),
(1, 'Lorem ipsum', CURRENT_TIMESTAMP, TRUE),
(2, 'Lorem ipsum', CURRENT_TIMESTAMP, FALSE),
(2, 'Lorem ipsum dolor sit amet,', CURRENT_TIMESTAMP, TRUE),
(2, 'Lorem ipsum dolor sit amet,', CURRENT_TIMESTAMP, FALSE),
(2, 'Lorem ipsum', CURRENT_TIMESTAMP, TRUE),
(3, 'Lorem ipsum dolor', CURRENT_TIMESTAMP, FALSE),
(3, 'Lorem ipsum', CURRENT_TIMESTAMP, TRUE),
(3, 'Lorem ipsum dolor sit amet,', CURRENT_TIMESTAMP, FALSE),
(3, 'Lorem ipsum', CURRENT_TIMESTAMP, TRUE),
(4, 'Lorem ipsum', CURRENT_TIMESTAMP, FALSE),
(4, 'Lorem ipsum dolor', CURRENT_TIMESTAMP, TRUE),
(4, 'Lorem ipsum dolor sit amet, consectetuer', CURRENT_TIMESTAMP, FALSE),
(4, 'Lorem ipsum', CURRENT_TIMESTAMP, TRUE),
(5, 'Lorem ipsum dolor sit', CURRENT_TIMESTAMP, FALSE),
(5, 'Lorem ipsum dolor', CURRENT_TIMESTAMP, TRUE),
(5, 'Lorem ipsum dolor sit amet,', CURRENT_TIMESTAMP, FALSE),
(5, 'Lorem ipsum dolor sit amet, consectetuer', CURRENT_TIMESTAMP, TRUE),
(6, 'Lorem ipsum dolor', CURRENT_TIMESTAMP, FALSE),
(6, 'Lorem ipsum dolor sit amet,', CURRENT_TIMESTAMP, TRUE),
(6, 'Lorem', CURRENT_TIMESTAMP, FALSE),
(6, 'Lorem ipsum', CURRENT_TIMESTAMP, TRUE),
(7, 'Lorem ipsum dolor sit', CURRENT_TIMESTAMP, FALSE),
(7, 'Lorem ipsum', CURRENT_TIMESTAMP, TRUE),
(7, 'Lorem ipsum dolor sit amet, consectetuer', CURRENT_TIMESTAMP, FALSE),
(7, 'Lorem ipsum dolor sit amet, consectetuer', CURRENT_TIMESTAMP, TRUE),
(8, 'Lorem ipsum dolor sit amet, consectetuer', CURRENT_TIMESTAMP, FALSE),
(8, 'Lorem', CURRENT_TIMESTAMP, TRUE),
(8, 'Lorem ipsum', CURRENT_TIMESTAMP, FALSE),
(8, 'Lorem ipsum dolor sit amet, consectetuer', CURRENT_TIMESTAMP, TRUE),
(9, 'Lorem ipsum dolor sit', CURRENT_TIMESTAMP, FALSE),
(9, 'Lorem ipsum dolor sit', CURRENT_TIMESTAMP, TRUE),
(9, 'Lorem ipsum', CURRENT_TIMESTAMP, FALSE),
(9, 'Lorem ipsum dolor sit amet,', CURRENT_TIMESTAMP, TRUE),
(10, 'Lorem ipsum dolor', CURRENT_TIMESTAMP, FALSE),
(10, 'Lorem', CURRENT_TIMESTAMP, TRUE),
(10, 'Lorem', CURRENT_TIMESTAMP, FALSE),
(10, 'Lorem ipsum dolor sit amet, consectetuer', CURRENT_TIMESTAMP, TRUE),
(11, 'Lorem ipsum', CURRENT_TIMESTAMP, FALSE),
(11, 'Lorem ipsum dolor sit amet, consectetuer', CURRENT_TIMESTAMP, TRUE),
(11, 'Lorem', CURRENT_TIMESTAMP, FALSE),
(11, 'Lorem ipsum dolor sit', CURRENT_TIMESTAMP, TRUE),
(12, 'Lorem ipsum dolor', CURRENT_TIMESTAMP, FALSE),
(12, 'Lorem', CURRENT_TIMESTAMP, TRUE),
(12, 'Lorem ipsum dolor sit amet,', CURRENT_TIMESTAMP, FALSE),
(12, 'Lorem', CURRENT_TIMESTAMP, TRUE),
(13, 'Lorem ipsum dolor', CURRENT_TIMESTAMP, FALSE),
(13, 'Lorem ipsum dolor', CURRENT_TIMESTAMP, TRUE),
(13, 'Lorem ipsum dolor sit amet, consectetuer', CURRENT_TIMESTAMP, FALSE),
(13, 'Lorem ipsum dolor sit amet, consectetuer', CURRENT_TIMESTAMP, TRUE),
(14, 'Lorem ipsum', CURRENT_TIMESTAMP, FALSE),
(14, 'Lorem', CURRENT_TIMESTAMP, TRUE),
(14, 'Lorem ipsum', CURRENT_TIMESTAMP, FALSE),
(14, 'Lorem ipsum dolor sit amet, consectetuer', CURRENT_TIMESTAMP, TRUE),
(15, 'Lorem ipsum dolor', CURRENT_TIMESTAMP, FALSE),
(15, 'Lorem', CURRENT_TIMESTAMP, TRUE),
(15, 'Lorem ipsum dolor sit amet, consectetuer', CURRENT_TIMESTAMP, FALSE),
(15, 'Lorem ipsum', CURRENT_TIMESTAMP, TRUE);

INSERT INTO `user_ratings`
(`rating_rated_user_id`,`rating_rater_user_id`,`rating_value`, `rating_time`)
VALUES

-- 1-6 Rated, Rater --

(1, 1, 3, CURRENT_TIMESTAMP),
(1, 2, 0, CURRENT_TIMESTAMP),
(1, 3, 1, CURRENT_TIMESTAMP),
(1, 4, 0, CURRENT_TIMESTAMP),
(1, 5, 0, CURRENT_TIMESTAMP),
(1, 6, 0, CURRENT_TIMESTAMP),
(1, 7, 3, CURRENT_TIMESTAMP),
(1, 8, 4, CURRENT_TIMESTAMP),
(1, 9, 2, CURRENT_TIMESTAMP),

(2, 1, 4, CURRENT_TIMESTAMP),
(2, 2, 2, CURRENT_TIMESTAMP),
(2, 3, 2, CURRENT_TIMESTAMP),
(2, 4, 2, CURRENT_TIMESTAMP),
(2, 5, 4, CURRENT_TIMESTAMP),
(2, 6, 4, CURRENT_TIMESTAMP),
(2, 7, 4, CURRENT_TIMESTAMP),
(2, 8, 4, CURRENT_TIMESTAMP),
(2, 9, 2, CURRENT_TIMESTAMP),

(3, 1, 4, CURRENT_TIMESTAMP),
(3, 2, 0, CURRENT_TIMESTAMP),
(3, 3, 0, CURRENT_TIMESTAMP),
(3, 4, 3, CURRENT_TIMESTAMP),
(3, 5, 2, CURRENT_TIMESTAMP),
(3, 6, 0, CURRENT_TIMESTAMP),
(3, 7, 3, CURRENT_TIMESTAMP),
(3, 8, 1, CURRENT_TIMESTAMP),
(3, 9, 0, CURRENT_TIMESTAMP),

(4, 1, 4, CURRENT_TIMESTAMP),
(4, 2, 1, CURRENT_TIMESTAMP),
(4, 3, 1, CURRENT_TIMESTAMP),
(4, 4, 2, CURRENT_TIMESTAMP),
(4, 5, 1, CURRENT_TIMESTAMP),
(4, 6, 4, CURRENT_TIMESTAMP),
(4, 7, 0, CURRENT_TIMESTAMP),
(4, 8, 1, CURRENT_TIMESTAMP),
(4, 9, 4, CURRENT_TIMESTAMP),

(5, 1, 4, CURRENT_TIMESTAMP),
(5, 2, 4, CURRENT_TIMESTAMP),
(5, 3, 1, CURRENT_TIMESTAMP),
(5, 4, 1, CURRENT_TIMESTAMP),
(5, 5, 3, CURRENT_TIMESTAMP),
(5, 6, 4, CURRENT_TIMESTAMP),
(5, 7, 3, CURRENT_TIMESTAMP),
(5, 8, 1, CURRENT_TIMESTAMP),
(5, 9, 1, CURRENT_TIMESTAMP),

(6, 1, 2, CURRENT_TIMESTAMP),
(6, 2, 2, CURRENT_TIMESTAMP),
(6, 3, 4, CURRENT_TIMESTAMP),
(6, 4, 3, CURRENT_TIMESTAMP),
(6, 5, 2, CURRENT_TIMESTAMP),
(6, 6, 1, CURRENT_TIMESTAMP),
(6, 7, 2, CURRENT_TIMESTAMP),
(6, 8, 2, CURRENT_TIMESTAMP),
(6, 9, 3, CURRENT_TIMESTAMP),

-- 7, 8, 9 Rated Only, therefore, not listed --

-- 10, 11, 12 Rater Only --

(10, 1, 2, CURRENT_TIMESTAMP),
(10, 2, 4, CURRENT_TIMESTAMP),
(10, 3, 2, CURRENT_TIMESTAMP),
(10, 4, 4, CURRENT_TIMESTAMP),
(10, 5, 0, CURRENT_TIMESTAMP),
(10, 6, 4, CURRENT_TIMESTAMP),
(10, 7, 4, CURRENT_TIMESTAMP),
(10, 8, 0, CURRENT_TIMESTAMP),
(10, 9, 4, CURRENT_TIMESTAMP),

(11, 1, 1, CURRENT_TIMESTAMP),
(11, 2, 1, CURRENT_TIMESTAMP),
(11, 3, 0, CURRENT_TIMESTAMP),
(11, 4, 1, CURRENT_TIMESTAMP),
(11, 5, 0, CURRENT_TIMESTAMP),
(11, 6, 3, CURRENT_TIMESTAMP),
(11, 7, 4, CURRENT_TIMESTAMP),
(11, 8, 4, CURRENT_TIMESTAMP),
(11, 9, 2, CURRENT_TIMESTAMP),

(12, 1, 4, CURRENT_TIMESTAMP),
(12, 2, 3, CURRENT_TIMESTAMP),
(12, 3, 1, CURRENT_TIMESTAMP),
(12, 4, 3, CURRENT_TIMESTAMP),
(12, 5, 1, CURRENT_TIMESTAMP),
(12, 6, 4, CURRENT_TIMESTAMP),
(12, 7, 2, CURRENT_TIMESTAMP),
(12, 8, 4, CURRENT_TIMESTAMP),
(12, 9, 0, CURRENT_TIMESTAMP);

-- 13, 14, 15 None, not rated, no rater --

INSERT INTO `invoice_history`
(`invoice_id`, `invoice_user_id`, `invoice_bank_id`, `invoice_card_id`, `invoice_mail_id`, `invoice_creation_date`)
VALUES
(1, 1, 1, NULL, 1,     CURRENT_TIMESTAMP),
(2, 2, NULL, 7, 5,     CURRENT_TIMESTAMP),
(3, 3, 9, NULL, 9,     CURRENT_TIMESTAMP),
(4, 4, NULL, 13, 13,   CURRENT_TIMESTAMP),
(5, 5, 18, NULL, 17,   CURRENT_TIMESTAMP),
(6, 6, NULL, 24, 21,   CURRENT_TIMESTAMP),
(7, 7, 26, NULL, 25,   CURRENT_TIMESTAMP),
(8, 8, NULL, 31, 29,   CURRENT_TIMESTAMP),
(9, 9, 33, NULL, 33,   CURRENT_TIMESTAMP),
(10, 10, NULL, 37, 37, CURRENT_TIMESTAMP),
(11, 11, 41, NULL, 41, CURRENT_TIMESTAMP),
-- (12, 12, NULL, 47, 45, CURRENT_TIMESTAMP), -- user 12 hasn't bought anything --
(13, 13, 50, NULL, 49, CURRENT_TIMESTAMP),
(14, 14, NULL, 56, 53, CURRENT_TIMESTAMP);
-- (15, 15, 58, NULL, 57, CURRENT_TIMESTAMP); -- user 15 hasn't bought anything --

INSERT INTO `invoice_item_history`
(`invoice_item_invoice_id`, `invoice_item_product_id`, `invoice_item_quantity`, `invoice_item_sold_price`)
VALUES
-- user 1 products --
(2, 2, 21, 20235.60),
(3, 4, 3, 823.95),
-- user 2 products --
(1, 6, 13, 8741.33),
(5, 8, 44, 6790.96),
(6, 10, 39, 12072.84),
-- user 3 products --
(7, 12, 2, 1023.84),
(8, 14, 5, 2301.35),
-- user 4 products --
(9, 16, 7, 4162.62),
(10, 18, 32, 31468.48),
(11, 20, 5, 270.45),
-- user 9 products --
(13, 22, 1, 201.12),
(14, 24, 4, 2196.68),
(14, 26, 1, 375.73),
(13, 28, 15, 9192.60),
(11, 30, 1, 605.18),
-- user 10 products --
(9, 32, 11, 2476.76),
(8, 34, 4, 421.68),
(7, 36, 38, 3085.60),
(6, 38, 26, 23245.82),
(5, 40, 5, 1961.40),
-- user 11 products --
(10, 42, 16, 9444.00),
(4, 44, 3, 1914.27),
(3, 46, 10, 2081.60),
(2, 48, 2, 1953.40),
(1, 50, 5, 3276.50),
-- user 12 products --
(1, 52, 20, 5551.60),
(2, 54, 1, 186.95),
(3, 56, 40, 27482.00),
(4, 58, 2, 29.48),
(5, 60, 2, 997.74),
-- user 13 products --
(6, 62, 8, 3194.48),
(7, 64, 20, 11973.20),
(8, 66, 6, 5085.00),
(9, 68, 37, 29046.85),
(10, 70, 10, 9310.10),
-- user 14 products --
(11, 72, 31, 13049.14),
(13, 74, 9, 7679.25),
(11, 76, 9, 5119.74),
(10, 80, 6, 722.28); -- product 78 hasn't been sold once --
-- user 15 has no products --
